focal_maple_ba_ft2_ac,maple_ba_ft2_ac,log1p_maple_ba,z_maple_ba,maple_sapling_present,spline_df,nonlinear_maple,cohort_label,maple_exposure_definition,predicted_probability,conf_low,conf_high,prediction_scale,covariate_profile,inference_method,observed_range_note
0.8205605721000001,0.8205605721000001,0.5991444603127457,-3.071794204992951,FALSE,NA,FALSE,Primary established-tree cohort,frame-corrected basal area of live sugar-maple TREE records at least 5 inches DBH,0.5212240939864464,0.35817498705666023,0.6798731440793673,probability of no sugar-maple seedlings tallied,continuous adjusters at their means; no recorded disturbance or treatment; county random effect set to zero,pointwise Wald 95% confidence interval,curve restricted to the observed minimum through the observed 99th percentile of the cohort-specific sugar-maple exposure
0.8725848290467644,0.8725848290467644,0.6273197379447973,-3.0426912079763957,FALSE,NA,FALSE,Primary established-tree cohort,frame-corrected basal area of live sugar-maple TREE records at least 5 inches DBH,0.5204690680115711,0.3584979650650444,0.678248337735845,probability of no sugar-maple seedlings tallied,continuous adjusters at their means; no recorded disturbance or treatment; county random effect set to zero,pointwise Wald 95% confidence interval,curve restricted to the observed minimum through the observed 99th percentile of the cohort-specific sugar-maple exposure
0.9260957288179094,0.9260957288179094,0.655495015576849,-3.0135882109598406,FALSE,NA,FALSE,Primary established-tree cohort,frame-corrected basal area of live sugar-maple TREE records at least 5 inches DBH,0.5197139485189373,0.3588179316439584,0.6766221933526188,probability of no sugar-maple seedlings tallied,continuous adjusters at their means; no recorded disturbance or treatment; county random effect set to zero,pointwise Wald 95% confidence interval,curve restricted to the observed minimum through the observed 99th percentile of the cohort-specific sugar-maple exposure
0.981135753651856,0.981135753651856,0.6836702932089006,-2.984485213943285,FALSE,NA,FALSE,Primary established-tree cohort,frame-corrected basal area of live sugar-maple TREE records at least 5 inches DBH,0.5189587389475363,0.35913481931753766,0.6749948231331231,probability of no sugar-maple seedlings tallied,continuous adjusters at their means; no recorded disturbance or treatment; county random effect set to zero,pointwise Wald 95% confidence interval,curve restricted to the observed minimum through the observed 99th percentile of the cohort-specific sugar-maple exposure
1.0377485997575577,1.0377485997575577,0.7118455708409522,-2.9553822169267296,FALSE,NA,FALSE,Primary established-tree cohort,frame-corrected basal area of live sugar-maple TREE records at least 5 inches DBH,0.5182034427380046,0.3594485590447141,0.6733663413876,probability of no sugar-maple seedlings tallied,continuous adjusters at their means; no recorded disturbance or treatment; county random effect set to zero,pointwise Wald 95% confidence interval,curve restricted to the observed minimum through the observed 99th percentile of the cohort-specific sugar-maple exposure
1.095979212004868,1.095979212004868,0.7400208484730039,-2.9262792199101746,FALSE,NA,FALSE,Primary established-tree cohort,frame-corrected basal area of live sugar-maple TREE records at least 5 inches DBH,0.5174480633325608,0.3597590801814762,0.6717368645674309,probability of no sugar-maple seedlings tallied,continuous adjusters at their means; no recorded disturbance or treatment; county random effect set to zero,pointwise Wald 95% confidence interval,curve restricted to the observed minimum through the observed 99th percentile of the cohort-specific sugar-maple exposure
1.1558738196062175,1.1558738196062175,0.7681961261050555,-2.897176222893619,FALSE,NA,FALSE,Primary established-tree cohort,frame-corrected basal area of live sugar-maple TREE records at least 5 inches DBH,0.5166926041749439,0.3600663104424473,0.6701065113000183,probability of no sugar-maple seedlings tallied,continuous adjusters at their means; no recorded disturbance or treatment; county random effect set to zero,pointwise Wald 95% confidence interval,curve restricted to the observed minimum through the observed 99th percentile of the cohort-specific sugar-maple exposure
1.2174799728179302,1.2174799728179302,0.7963714037371071,-2.8680732258770636,FALSE,NA,FALSE,Primary established-tree cohort,frame-corrected basal area of live sugar-maple TREE records at least 5 inches DBH,0.5159370687103498,0.36037017586179537,0.6684754024242108,probability of no sugar-maple seedlings tallied,continuous adjusters at their means; no recorded disturbance or treatment; county random effect set to zero,pointwise Wald 95% confidence interval,curve restricted to the observed minimum through the observed 99th percentile of the cohort-specific sugar-maple exposure
1.2808465806903142,1.2808465806903142,0.8245466813691588,-2.8389702288605085,FALSE,NA,FALSE,Primary established-tree cohort,frame-corrected basal area of live sugar-maple TREE records at least 5 inches DBH,0.5151814603853693,0.3606706007534886,0.6668436610262493,probability of no sugar-maple seedlings tallied,continuous adjusters at their means; no recorded disturbance or treatment; county random effect set to zero,pointwise Wald 95% confidence interval,curve restricted to the observed minimum through the observed 99th percentile of the cohort-specific sugar-maple exposure
1.3460239498964972,1.3460239498964972,0.8527219590012104,-2.809867231843953,FALSE,NA,FALSE,Primary established-tree cohort,frame-corrected basal area of live sugar-maple TREE records at least 5 inches DBH,0.5144257826479242,0.3609675076709179,0.6652114124762212,probability of no sugar-maple seedlings tallied,continuous adjusters at their means; no recorded disturbance or treatment; county random effect set to zero,pointwise Wald 95% confidence interval,curve restricted to the observed minimum through the observed 99th percentile of the cohort-specific sugar-maple exposure
1.4130638246708336,1.4130638246708336,0.880897236633262,-2.7807642348273975,FALSE,NA,FALSE,Primary established-tree cohort,frame-corrected basal area of live sugar-maple TREE records at least 5 inches DBH,0.513670038947206,0.3612608173659049,0.6635787844649988,probability of no sugar-maple seedlings tallied,continuous adjusters at their means; no recorded disturbance or treatment; county random effect set to zero,pointwise Wald 95% confidence interval,curve restricted to the observed minimum through the observed 99th percentile of the cohort-specific sugar-maple exposure
1.482019427888589,1.482019427888589,0.9090725142653137,-2.7516612378108425,FALSE,NA,FALSE,Primary established-tree cohort,frame-corrected basal area of live sugar-maple TREE records at least 5 inches DBH,0.5129142327336116,0.3615504487471252,0.6619459070416353,probability of no sugar-maple seedlings tallied,continuous adjusters at their means; no recorded disturbance or treatment; county random effect set to zero,pointwise Wald 95% confidence interval,curve restricted to the observed minimum through the observed 99th percentile of the cohort-specific sugar-maple exposure
1.5529455033195163,1.5529455033195163,0.9372477918973653,-2.722558240794287,FALSE,NA,FALSE,Primary established-tree cohort,frame-corrected basal area of live sugar-maple TREE records at least 5 inches DBH,0.5121583674586813,0.3618363188379734,0.6603129126511903,probability of no sugar-maple seedlings tallied,continuous adjusters at their means; no recorded disturbance or treatment; county random effect set to zero,pointwise Wald 95% confidence interval,curve restricted to the observed minimum through the observed 99th percentile of the cohort-specific sugar-maple exposure
1.6258983590888687,1.6258983590888687,0.9654230695294169,-2.6934552437777315,FALSE,NA,FALSE,Primary established-tree cohort,frame-corrected basal area of live sugar-maple TREE records at least 5 inches DBH,0.5114024465750352,0.36211834273390553,0.6586799361729527,probability of no sugar-maple seedlings tallied,continuous adjusters at their means; no recorded disturbance or treatment; county random effect set to zero,pointwise Wald 95% confidence interval,curve restricted to the observed minimum through the observed 99th percentile of the cohort-specific sugar-maple exposure
1.7009359123803514,1.7009359123803514,0.9935983471614686,-2.6643522467611764,FALSE,NA,FALSE,Primary established-tree cohort,frame-corrected basal area of live sugar-maple TREE records at least 5 inches DBH,0.5106464735363108,0.3623964335592971,0.6570471149590186,probability of no sugar-maple seedlings tallied,continuous adjusters at their means; no recorded disturbance or treatment; county random effect set to zero,pointwise Wald 95% confidence interval,curve restricted to the observed minimum through the observed 99th percentile of the cohort-specific sugar-maple exposure
1.7781177354165034,1.7781177354165034,1.02177362479352,-2.635249249744621,FALSE,NA,FALSE,Primary established-tree cohort,frame-corrected basal area of live sugar-maple TREE records at least 5 inches DBH,0.5098904517970989,0.36267050242386106,0.6554145888731854,probability of no sugar-maple seedlings tallied,continuous adjusters at their means; no recorded disturbance or treatment; county random effect set to zero,pointwise Wald 95% confidence interval,curve restricted to the observed minimum through the observed 99th percentile of the cohort-specific sugar-maple exposure
1.8575051027530143,1.8575051027530143,1.0499489024255717,-2.6061462527280654,FALSE,NA,FALSE,Primary established-tree cohort,frame-corrected basal area of live sugar-maple TREE records at least 5 inches DBH,0.5091343848128823,0.36294045837867267,0.653782500330111,probability of no sugar-maple seedlings tallied,continuous adjusters at their means; no recorded disturbance or treatment; county random effect set to zero,pointwise Wald 95% confidence interval,curve restricted to the observed minimum through the observed 99th percentile of the cohort-specific sugar-maple exposure
1.9391610399245172,1.9391610399245172,1.0781241800576233,-2.5770432557115104,FALSE,NA,FALSE,Primary established-tree cohort,frame-corrected basal area of live sugar-maple TREE records at least 5 inches DBH,0.5083782760399703,0.36320620837185935,0.6521509943346854,probability of no sugar-maple seedlings tallied,continuous adjusters at their means; no recorded disturbance or treatment; county random effect set to zero,pointwise Wald 95% confidence interval,curve restricted to the observed minimum through the observed 99th percentile of the cohort-specific sugar-maple exposure
2.023150373480486,2.023150373480486,1.106299457689675,-2.547940258694955,FALSE,NA,FALSE,Primary established-tree cohort,frame-corrected basal area of live sugar-maple TREE records at least 5 inches DBH,0.5076221289354378,0.3634676572040134,0.6505202185215526,probability of no sugar-maple seedlings tallied,continuous adjusters at their means; no recorded disturbance or treatment; county random effect set to zero,pointwise Wald 95% confidence interval,curve restricted to the observed minimum through the observed 99th percentile of the cohort-specific sugar-maple exposure
2.109539782450953,2.109539782450953,1.1344747353217266,-2.5188372616783994,FALSE,NA,FALSE,Primary established-tree cohort,frame-corrected basal area of live sugar-maple TREE records at least 5 inches DBH,0.5068659469570604,0.3637247074833976,0.6488903231947185,probability of no sugar-maple seedlings tallied,continuous adjusters at their means; no recorded disturbance or treatment; county random effect set to zero,pointwise Wald 95% confidence interval,curve restricted to the observed minimum through the observed 99th percentile of the cohort-specific sugar-maple exposure
2.198397851282913,2.198397851282913,1.1626500129537782,-2.4897342646618443,FALSE,NA,FALSE,Primary established-tree cohort,frame-corrected basal area of live sugar-maple TREE records at least 5 inches DBH,0.5061097335632523,0.3639772595810157,0.6472614613671679,probability of no sugar-maple seedlings tallied,continuous adjusters at their means; no recorded disturbance or treatment; county random effect set to zero,pointwise Wald 95% confidence interval,curve restricted to the observed minimum through the observed 99th percentile of the cohort-specific sugar-maple exposure
2.2897951242894283,2.2897951242894283,1.1908252905858299,-2.460631267645289,FALSE,NA,FALSE,Primary established-tree cohort,frame-corrected basal area of live sugar-maple TREE records at least 5 inches DBH,0.5053534922130022,0.364225211585634,0.6456337888004106,probability of no sugar-maple seedlings tallied,continuous adjusters at their means; no recorded disturbance or treatment; county random effect set to zero,pointwise Wald 95% confidence interval,curve restricted to the observed minimum through the observed 99th percentile of the cohort-specific sugar-maple exposure
2.383804161654676,2.383804161654676,1.2190005682178815,-2.4315282706287333,FALSE,NA,FALSE,Primary established-tree cohort,frame-corrected basal area of live sugar-maple TREE records at least 5 inches DBH,0.504597226365811,0.36446845925884075,0.6440074640438687,probability of no sugar-maple seedlings tallied,continuous adjusters at their means; no recorded disturbance or treatment; county random effect set to zero,pointwise Wald 95% confidence interval,curve restricted to the observed minimum through the observed 99th percentile of the cohort-specific sugar-maple exposure
2.4804995970393895,2.4804995970393895,1.2471758458499331,-2.4024252736121783,FALSE,NA,FALSE,Primary established-tree cohort,frame-corrected basal area of live sugar-maple TREE records at least 5 inches DBH,0.5038409394816273,0.36470689599024475,0.6423826484740023,probability of no sugar-maple seedlings tallied,continuous adjusters at their means; no recorded disturbance or treatment; county random effect set to zero,pointwise Wald 95% confidence interval,curve restricted to the observed minimum through the observed 99th percentile of the cohort-specific sugar-maple exposure
2.579958196832432,2.579958196832432,1.2753511234819848,-2.373322276595623,FALSE,NA,FALSE,Primary established-tree cohort,frame-corrected basal area of live sugar-maple TREE records at least 5 inches DBH,0.5030846350207853,0.3649404127529204,0.6407595063330715,probability of no sugar-maple seedlings tallied,continuous adjusters at their means; no recorded disturbance or treatment; county random effect set to zero,pointwise Wald 95% confidence interval,curve restricted to the observed minimum through the observed 99th percentile of the cohort-specific sugar-maple exposure
2.6822589210955385,2.6822589210955385,1.3035264011140364,-2.3442192795790673,FALSE,NA,FALSE,Primary established-tree cohort,frame-corrected basal area of live sugar-maple TREE records at least 5 inches DBH,0.5023283164439406,0.36516889805921715,0.6391382047674141,probability of no sugar-maple seedlings tallied,continuous adjusters at their means; no recorded disturbance or treatment; county random effect set to zero,pointwise Wald 95% confidence interval,curve restricted to the observed minimum through the observed 99th percentile of the cohort-specific sugar-maple exposure
2.787482986249613,2.787482986249613,1.331701678746088,-2.3151162825625122,FALSE,NA,FALSE,Primary established-tree cohort,frame-corrected basal area of live sugar-maple TREE records at least 5 inches DBH,0.5015719872120075,0.36539223791706316,0.6375189138651136,probability of no sugar-maple seedlings tallied,continuous adjusters at their means; no recorded disturbance or treatment; county random effect set to zero,pointwise Wald 95% confidence interval,curve restricted to the observed minimum through the observed 99th percentile of the cohort-specific sugar-maple exposure
2.895713929552347,2.895713929552347,1.3598769563781397,-2.2860132855459567,FALSE,NA,FALSE,Primary established-tree cohort,frame-corrected basal area of live sugar-maple TREE records at least 5 inches DBH,0.5008156507860949,0.3656103157868996,0.6359018066929188,probability of no sugar-maple seedlings tallied,continuous adjusters at their means; no recorded disturbance or treatment; county random effect set to zero,pointwise Wald 95% confidence interval,curve restricted to the observed minimum through the observed 99th percentile of the cohort-specific sugar-maple exposure
3.007037675418347,3.007037675418347,1.3880522340101913,-2.2569102885294012,FALSE,NA,FALSE,Primary established-tree cohort,frame-corrected basal area of live sugar-maple TREE records at least 5 inches DBH,0.5000593106274437,0.3658230125393991,0.634287059332266,probability of no sugar-maple seedlings tallied,continuous adjusters at their means; no recorded disturbance or treatment; county random effect set to zero,pointwise Wald 95% confidence interval,curve restricted to the observed minimum through the observed 99th percentile of the cohort-specific sugar-maple exposure
3.121542603634423,3.121542603634423,1.416227511642243,-2.227807291512846,FALSE,NA,FALSE,Primary established-tree cohort,frame-corrected basal area of live sugar-maple TREE records at least 5 inches DBH,0.499302970197363,0.3660302064141289,0.632674850914241,probability of no sugar-maple seedlings tallied,continuous adjusters at their means; no recorded disturbance or treatment; county random effect set to zero,pointwise Wald 95% confidence interval,curve restricted to the observed minimum through the observed 99th percentile of the cohort-specific sugar-maple exposure
3.2393196195241947,3.2393196195241947,1.4444027892742946,-2.1987042944962907,FALSE,NA,FALSE,Primary established-tree cohort,frame-corrected basal area of live sugar-maple TREE records at least 5 inches DBH,0.49854663295716695,0.3662317729793368,0.6310653636533079,probability of no sugar-maple seedlings tallied,continuous adjusters at their means; no recorded disturbance or treatment; county random effect set to zero,pointwise Wald 95% confidence interval,curve restricted to the observed minimum through the observed 99th percentile of the cohort-specific sugar-maple exposure
3.3604622261177157,3.3604622261177157,1.4725780669063462,-2.169601297479735,FALSE,NA,FALSE,Primary established-tree cohort,frame-corrected basal area of live sugar-maple TREE records at least 5 inches DBH,0.4977903023681113,0.3664275850930455,0.6294587828796171,probability of no sugar-maple seedlings tallied,continuous adjusters at their means; no recorded disturbance or treatment; county random effect set to zero,pointwise Wald 95% confidence interval,curve restricted to the observed minimum through the observed 99th percentile of the cohort-specific sugar-maple exposure
3.4850665983834177,3.4850665983834177,1.5007533445383978,-2.14049830046318,FALSE,NA,FALSE,Primary established-tree cohort,frame-corrected basal area of live sugar-maple TREE records at least 5 inches DBH,0.4970339818913299,0.36661751286566163,0.6278552970696892,probability of no sugar-maple seedlings tallied,continuous adjusters at their means; no recorded disturbance or treatment; county random effect set to zero,pointwise Wald 95% confidence interval,curve restricted to the observed minimum through the observed 99th percentile of the cohort-specific sugar-maple exposure
3.6132316595813,3.6132316595813,1.5289286221704494,-2.1113953034466246,FALSE,NA,FALSE,Primary established-tree cohort,frame-corrected basal area of live sugar-maple TREE records at least 5 inches DBH,0.49627767498777187,0.3668014236243149,0.6262550978752617,probability of no sugar-maple seedlings tallied,continuous adjusters at their means; no recorded disturbance or treatment; county random effect set to zero,pointwise Wald 95% confidence interval,curve restricted to the observed minimum through the observed 99th percentile of the cohort-specific sugar-maple exposure
3.7450591597979876,3.7450591597979876,1.557103899802501,-2.082292306430069,FALSE,NA,FALSE,Primary established-tree cohort,frame-corrected basal area of live sugar-maple TREE records at least 5 inches DBH,0.4955213851181374,0.3669791818791607,0.624658380150064,probability of no sugar-maple seedlings tallied,continuous adjusters at their means; no recorded disturbance or treatment; county random effect set to zero,pointwise Wald 95% confidence interval,curve restricted to the observed minimum through the observed 99th percentile of the cohort-specific sugar-maple exposure
3.8806537567259984,3.8806537567259984,1.5852791774345527,-2.053189309413514,FALSE,NA,FALSE,Primary established-tree cohort,frame-corrected basal area of live sugar-maple TREE records at least 5 inches DBH,0.49476511574281523,0.3671506492918942,0.6230653419742768,probability of no sugar-maple seedlings tallied,continuous adjusters at their means; no recorded disturbance or treatment; county random effect set to zero,pointwise Wald 95% confidence interval,curve restricted to the observed minimum through the observed 99th percentile of the cohort-specific sugar-maple exposure
4.020123098751361,4.020123098751361,1.6134544550666043,-2.0240863123969586,FALSE,NA,FALSE,Primary established-tree cohort,frame-corrected basal area of live sugar-maple TREE records at least 5 inches DBH,0.4940088703218188,0.36731568464674147,0.6214761846764099,probability of no sugar-maple seedlings tallied,continuous adjusters at their means; no recorded disturbance or treatment; county random effect set to zero,pointwise Wald 95% confidence interval,curve restricted to the observed minimum through the observed 99th percentile of the cohort-specific sugar-maple exposure
4.163577910415535,4.163577910415535,1.641629732698656,-1.9949833153804033,FALSE,NA,FALSE,Primary established-tree cohort,frame-corrected basal area of live sugar-maple TREE records at least 5 inches DBH,0.49325265231472315,0.3674741438242082,0.6198911128523216,probability of no sugar-maple seedlings tallied,continuous adjusters at their means; no recorded disturbance or treatment; county random effect set to zero,pointwise Wald 95% confidence interval,curve restricted to the observed minimum through the observed 99th percentile of the cohort-specific sugar-maple exposure
4.311132080319495,4.311132080319495,1.6698050103307076,-1.9658803183638478,FALSE,NA,FALSE,Primary established-tree cohort,frame-corrected basal area of live sugar-maple TREE records at least 5 inches DBH,0.49249646518060186,0.3676258797778858,0.6183103343810802,probability of no sugar-maple seedlings tallied,continuous adjusters at their means; no recorded disturbance or treatment; county random effect set to zero,pointwise Wald 95% confidence interval,curve restricted to the observed minimum through the observed 99th percentile of the cohort-specific sugar-maple exposure
4.4629027515397475,4.4629027515397475,1.6979802879627592,-1.9367773213472925,FALSE,NA,FALSE,Primary established-tree cohort,frame-corrected basal area of live sugar-maple TREE records at least 5 inches DBH,0.4917403123779632,0.36777074251463043,0.6167340604373528,probability of no sugar-maple seedlings tallied,continuous adjusters at their means; no recorded disturbance or treatment; county random effect set to zero,pointwise Wald 95% confidence interval,curve restricted to the observed minimum through the observed 99th percentile of the cohort-specific sugar-maple exposure
4.619010414628081,4.619010414628081,1.7261555655948109,-1.9076743243307372,FALSE,NA,FALSE,Primary established-tree cohort,frame-corrected basal area of live sugar-maple TREE records at least 5 inches DBH,0.490984197364687,0.3679085790784494,0.6151625054999919,probability of no sugar-maple seedlings tallied,continuous adjusters at their means; no recorded disturbance or treatment; county random effect set to zero,pointwise Wald 95% confidence interval,curve restricted to the observed minimum through the observed 99th percentile of the cohort-specific sugar-maple exposure
4.779579003268864,4.779579003268864,1.7543308432268625,-1.8785713273141817,FALSE,NA,FALSE,Primary established-tree cohort,frame-corrected basal area of live sugar-maple TREE records at least 5 inches DBH,0.49022812359796236,0.3680392335384484,0.6135958873564638,probability of no sugar-maple seedlings tallied,continuous adjusters at their means; no recorded disturbance or treatment; county random effect set to zero,pointwise Wald 95% confidence interval,curve restricted to the observed minimum through the observed 99th percentile of the cohort-specific sugar-maple exposure
4.944735992669856,4.944735992669856,1.7825061208589141,-1.8494683302976265,FALSE,NA,FALSE,Primary established-tree cohort,frame-corrected basal area of live sugar-maple TREE records at least 5 inches DBH,0.4894720945342232,0.36816254698120915,0.612034427102756,probability of no sugar-maple seedlings tallied,continuous adjusters at their means; no recorded disturbance or treatment; county random effect set to zero,pointwise Wald 95% confidence interval,curve restricted to the observed minimum through the observed 99th percentile of the cohort-specific sugar-maple exposure
5.1146125007646095,5.1146125007646095,1.8106813984909658,-1.8203653332810712,FALSE,NA,FALSE,Primary established-tree cohort,frame-corrected basal area of live sugar-maple TREE records at least 5 inches DBH,0.4887161136290853,0.36827835750798826,0.6104783491383705,probability of no sugar-maple seedlings tallied,continuous adjusters at their means; no recorded disturbance or treatment; county random effect set to zero,pointwise Wald 95% confidence interval,curve restricted to the observed minimum through the observed 99th percentile of the cohort-specific sugar-maple exposure
5.2893433923068445,5.2893433923068445,1.8388566761230174,-1.7912623362645157,FALSE,NA,FALSE,Primary established-tree cohort,frame-corrected basal area of live sugar-maple TREE records at least 5 inches DBH,0.4879601843372842,0.3683865002371435,0.608927881156001,probability of no sugar-maple seedlings tallied,continuous adjusters at their means; no recorded disturbance or treatment; county random effect set to zero,pointwise Wald 95% confidence interval,curve restricted to the observed minimum through the observed 99th percentile of the cohort-specific sugar-maple exposure
5.469067385939413,5.469067385939413,1.867031953755069,-1.7621593392479604,FALSE,NA,FALSE,Primary established-tree cohort,frame-corrected basal area of live sugar-maple TREE records at least 5 inches DBH,0.4872043101126108,0.36848680731221317,0.6073832541254696,probability of no sugar-maple seedlings tallied,continuous adjusters at their means; no recorded disturbance or treatment; county random effect set to zero,pointwise Wald 95% confidence interval,curve restricted to the observed minimum through the observed 99th percentile of the cohort-specific sugar-maple exposure
5.653927164322859,5.653927164322859,1.8952072313871207,-1.7330563422314051,FALSE,NA,FALSE,Primary established-tree cohort,frame-corrected basal area of live sugar-maple TREE records at least 5 inches DBH,0.48644849440784904,0.36857910791609233,0.6058447022714807,probability of no sugar-maple seedlings tallied,continuous adjusters at their means; no recorded disturbance or treatment; county random effect set to zero,pointwise Wald 95% confidence interval,curve restricted to the observed minimum through the observed 99th percentile of the cohort-specific sugar-maple exposure
5.8440694874110095,5.8440694874110095,1.9233825090191723,-1.7039533452148496,FALSE,NA,FALSE,Primary established-tree cohort,frame-corrected basal area of live sugar-maple TREE records at least 5 inches DBH,0.4856927406747127,0.36866322829176507,0.6043124630447375,probability of no sugar-maple seedlings tallied,continuous adjusters at their means; no recorded disturbance or treatment; county random effect set to zero,pointwise Wald 95% confidence interval,curve restricted to the observed minimum through the observed 99th percentile of the cohort-specific sugar-maple exposure
6.039645308963528,6.039645308963528,1.951557786651224,-1.6748503481982944,FALSE,NA,FALSE,Primary established-tree cohort,frame-corrected basal area of live sugar-maple TREE records at least 5 inches DBH,0.4849370523637822,0.3687389917700685,0.6027867770859439,probability of no sugar-maple seedlings tallied,continuous adjusters at their means; no recorded disturbance or treatment; county random effect set to zero,pointwise Wald 95% confidence interval,curve restricted to the observed minimum through the observed 99th percentile of the cohort-specific sugar-maple exposure
6.240809896387915,6.240809896387915,1.9797330642832756,-1.645747351181739,FALSE,NA,FALSE,Primary established-tree cohort,frame-corrected basal area of live sugar-maple TREE records at least 5 inches DBH,0.48418143292444205,0.3688062188049807,0.6012678881822043,probability of no sugar-maple seedlings tallied,continuous adjusters at their means; no recorded disturbance or treatment; county random effect set to zero,pointwise Wald 95% confidence interval,curve restricted to the observed minimum through the observed 99th percentile of the cohort-specific sugar-maple exposure
6.447722954006119,6.447722954006119,2.007908341915327,-1.6166443541651836,FALSE,NA,FALSE,Primary established-tree cohort,frame-corrected basal area of live sugar-maple TREE records at least 5 inches DBH,0.4834258858048175,0.3688647270169352,0.59975604321532,probability of no sugar-maple seedlings tallied,continuous adjusters at their means; no recorded disturbance or treatment; county random effect set to zero,pointwise Wald 95% confidence interval,curve restricted to the observed minimum through the observed 99th percentile of the cohort-specific sugar-maple exposure
6.660548749843604,6.660548749843604,2.036083619547379,-1.5875413571486283,FALSE,NA,FALSE,Primary established-tree cohort,frame-corrected basal area of live sugar-maple TREE records at least 5 inches DBH,0.48267041445171244,0.3689143312446796,0.5982514921014664,probability of no sugar-maple seedlings tallied,continuous adjusters at their means; no recorded disturbance or treatment; county random effect set to zero,pointwise Wald 95% confidence interval,curve restricted to the observed minimum through the observed 99th percentile of the cohort-specific sugar-maple exposure
6.8794562460415305,6.8794562460415305,2.0642588971794305,-1.558438360132073,FALSE,NA,FALSE,Primary established-tree cohort,frame-corrected basal area of live sugar-maple TREE records at least 5 inches DBH,0.4819150223105455,0.3689548436062063,0.5967544877217278,probability of no sugar-maple seedlings tallied,continuous adjusters at their means; no recorded disturbance or treatment; county random effect set to zero,pointwise Wald 95% confidence interval,curve restricted to the observed minimum through the observed 99th percentile of the cohort-specific sugar-maple exposure
7.104619232995604,7.104619232995604,2.092434174811482,-1.5293353631155175,FALSE,NA,FALSE,Primary established-tree cohort,frame-corrected basal area of live sugar-maple TREE records at least 5 inches DBH,0.48115971282528824,0.36898607356928576,0.5952652858429558,probability of no sugar-maple seedlings tallied,continuous adjusters at their means; no recorded disturbance or treatment; county random effect set to zero,pointwise Wald 95% confidence interval,curve restricted to the observed minimum through the observed 99th percentile of the cohort-specific sugar-maple exposure
7.336216467328047,7.336216467328047,2.1206094524435337,-1.5002323660989623,FALSE,NA,FALSE,Primary established-tree cohort,frame-corrected basal area of live sugar-maple TREE records at least 5 inches DBH,0.4804044894384019,0.3690078280321469,0.5937841450284183,probability of no sugar-maple seedlings tallied,continuous adjusters at their means; no recorded disturbance or treatment; county random effect set to zero,pointwise Wald 95% confidence interval,curve restricted to the observed minimum through the observed 99th percentile of the cohort-specific sugar-maple exposure
7.574431813802276,7.574431813802276,2.1487847300755853,-1.471129369082407,FALSE,NA,FALSE,Primary established-tree cohort,frame-corrected basal area of live sugar-maple TREE records at least 5 inches DBH,0.4796493555907754,0.36901991141484236,0.592311326537693,probability of no sugar-maple seedlings tallied,continuous adjusters at their means; no recorded disturbance or treatment; county random effect set to zero,pointwise Wald 95% confidence interval,curve restricted to the observed minimum through the observed 99th percentile of the cohort-specific sugar-maple exposure
7.819454391292907,7.819454391292907,2.176960007707637,-1.4420263720658515,FALSE,NA,FALSE,Primary established-tree cohort,frame-corrected basal area of live sugar-maple TREE records at least 5 inches DBH,0.478894314721662,0.3690221257618417,0.5908470942152737,probability of no sugar-maple seedlings tallied,continuous adjusters at their means; no recorded disturbance or treatment; county random effect set to zero,pointwise Wald 95% confidence interval,curve restricted to the observed minimum through the observed 99th percentile of the cohort-specific sugar-maple exposure
8.071478722927003,8.071478722927003,2.2051352853396886,-1.4129233750492962,FALSE,NA,FALSE,Primary established-tree cohort,frame-corrected basal area of live sugar-maple TREE records at least 5 inches DBH,0.4781393702686171,0.3690142708563879,0.589391714367351,probability of no sugar-maple seedlings tallied,continuous adjusters at their means; no recorded disturbance or treatment; county random effect set to zero,pointwise Wald 95% confidence interval,curve restricted to the observed minimum through the observed 99th percentile of the cohort-specific sugar-maple exposure
8.330704890515749,8.330704890515749,2.2333105629717402,-1.383820378032741,FALSE,NA,FALSE,Primary established-tree cohort,frame-corrected basal area of live sugar-maple TREE records at least 5 inches DBH,0.4773845256674363,0.36899614434714295,0.587945455626247,probability of no sugar-maple seedlings tallied,continuous adjusters at their means; no recorded disturbance or treatment; county random effect set to zero,pointwise Wald 95% confidence interval,curve restricted to the observed minimum through the observed 99th percentile of the cohort-specific sugar-maple exposure
8.597338693399161,8.597338693399161,2.261485840603792,-1.3547173810161854,FALSE,NA,FALSE,Primary established-tree cohort,frame-corrected basal area of live sugar-maple TREE records at least 5 inches DBH,0.47662978435209213,0.368967541887637,0.5865085888019902,probability of no sugar-maple seedlings tallied,continuous adjusters at their means; no recorded disturbance or treatment; county random effect set to zero,pointwise Wald 95% confidence interval,curve restricted to the observed minimum through the observed 99th percentile of the cohort-specific sugar-maple exposure
8.871591811829925,8.871591811829925,2.2896611182358435,-1.3256143839996302,FALSE,NA,FALSE,Primary established-tree cohort,frame-corrected basal area of live sugar-maple TREE records at least 5 inches DBH,0.4758751497546726,0.36892825728901385,0.5850813867205407,probability of no sugar-maple seedlings tallied,continuous adjusters at their means; no recorded disturbance or treatment; county random effect set to zero,pointwise Wald 95% confidence interval,curve restricted to the observed minimum through the observed 99th percentile of the cohort-specific sugar-maple exposure
9.153681975026101,9.153681975026101,2.317836395867895,-1.2965113869830749,FALSE,NA,FALSE,Primary established-tree cohort,frame-corrected basal area of live sugar-maple TREE records at least 5 inches DBH,0.4751206253053184,0.3688780826865442,0.5836641240481987,probability of no sugar-maple seedlings tallied,continuous adjusters at their means; no recorded disturbance or treatment; county random effect set to zero,pointwise Wald 95% confidence interval,curve restricted to the observed minimum through the observed 99th percentile of the cohort-specific sugar-maple exposure
9.443833134026084,9.443833134026084,2.3460116734999468,-1.2674083899665194,FALSE,NA,FALSE,Primary established-tree cohort,frame-corrected basal area of live sugar-maple TREE records at least 5 inches DBH,0.47436621443216076,0.36881680872034456,0.582257077101757,probability of no sugar-maple seedlings tallied,continuous adjusters at their means; no recorded disturbance or treatment; county random effect set to zero,pointwise Wald 95% confidence interval,curve restricted to the observed minimum through the observed 99th percentile of the cohort-specific sugar-maple exposure
9.742275639483058,9.742275639483058,2.3741869511319984,-1.2383053929499641,FALSE,NA,FALSE,Primary established-tree cohort,frame-corrected basal area of live sugar-maple TREE records at least 5 inches DBH,0.47361192056126,0.3687442247307074,0.5808605236439998,probability of no sugar-maple seedlings tallied,continuous adjusters at their means; no recorded disturbance or treatment; county random effect set to zero,pointwise Wald 95% confidence interval,curve restricted to the observed minimum through the observed 99th percentile of the cohort-specific sugar-maple exposure
10.0492464245401,10.0492464245401,2.40236222876405,-1.2092023959334088,FALSE,NA,FALSE,Primary established-tree cohort,frame-corrected basal area of live sugar-maple TREE records at least 5 inches DBH,0.47285774711654277,0.36866011896840023,0.5794747426641869,probability of no sugar-maple seedlings tallied,continuous adjusters at their means; no recorded disturbance or treatment; county random effect set to zero,pointwise Wald 95% confidence interval,curve restricted to the observed minimum through the observed 99th percentile of the cohort-specific sugar-maple exposure
10.364989192931118,10.364989192931118,2.4305375063961017,-1.1800993989168533,FALSE,NA,FALSE,Primary established-tree cohort,frame-corrected basal area of live sugar-maple TREE records at least 5 inches DBH,0.4721036975197405,0.368564278820245,0.5781000141432195,probability of no sugar-maple seedlings tallied,continuous adjusters at their means; no recorded disturbance or treatment; county random effect set to zero,pointwise Wald 95% confidence interval,curve restricted to the observed minimum through the observed 99th percentile of the cohort-specific sugar-maple exposure
10.68975461245695,10.68975461245695,2.4587127840281533,-1.150996401900298,FALSE,NA,FALSE,Primary established-tree cohort,frame-corrected basal area of live sugar-maple TREE records at least 5 inches DBH,0.4713497751903276,0.36845649105022876,0.5767366188032366,probability of no sugar-maple seedlings tallied,continuous adjusters at their means; no recorded disturbance or treatment; county random effect set to zero,pointwise Wald 95% confidence interval,curve restricted to the observed minimum through the observed 99th percentile of the cohort-specific sugar-maple exposure
11.023800513990228,11.023800513990228,2.486888061660205,-1.1218934048837428,FALSE,NA,FALSE,Primary established-tree cohort,frame-corrected basal area of live sugar-maple TREE records at least 5 inches DBH,0.4705959835454597,0.36833654205633365,0.5753848378414568,probability of no sugar-maple seedlings tallied,continuous adjusters at their means; no recorded disturbance or treatment; county random effect set to zero,pointwise Wald 95% confidence interval,curve restricted to the observed minimum through the observed 99th percentile of the cohort-specific sugar-maple exposure
11.367392096166986,11.367392096166986,2.5150633392922566,-1.0927904078671873,FALSE,NA,FALSE,Primary established-tree cohort,frame-corrected basal area of live sugar-maple TREE records at least 5 inches DBH,0.4698423259999117,0.36820421814319815,0.5740449526481576,probability of no sugar-maple seedlings tallied,continuous adjusters at their means; no recorded disturbance or treatment; county random effect set to zero,pointwise Wald 95% confidence interval,curve restricted to the observed minimum through the observed 99th percentile of the cohort-specific sugar-maple exposure
11.72080213592755,11.72080213592755,2.543238616924308,-1.063687410850632,FALSE,NA,FALSE,Primary established-tree cohort,frame-corrected basal area of live sugar-maple TREE records at least 5 inches DBH,0.4690888059660168,0.36805930581064317,0.5727172445087599,probability of no sugar-maple seedlings tallied,continuous adjusters at their means; no recorded disturbance or treatment; county random effect set to zero,pointwise Wald 95% confidence interval,curve restricted to the observed minimum through the observed 99th percentile of the cohort-specific sugar-maple exposure
12.084311205073803,12.084311205073803,2.57141389455636,-1.0345844138340767,FALSE,NA,FALSE,Primary established-tree cohort,frame-corrected basal area of live sugar-maple TREE records at least 5 inches DBH,0.4683354268536047,0.36790159205800693,0.5714019942900768,probability of no sugar-maple seedlings tallied,continuous adjusters at their means; no recorded disturbance or treatment; county random effect set to zero,pointwise Wald 95% confidence interval,curve restricted to the observed minimum through the observed 99th percentile of the cohort-specific sugar-maple exposure
12.458207893014816,12.458207893014816,2.5995891721884115,-1.0054814168175212,FALSE,NA,FALSE,Primary established-tree cohort,frame-corrected basal area of live sugar-maple TREE records at least 5 inches DBH,0.4675821920699398,0.3677308647041339,0.5700994821108846,probability of no sugar-maple seedlings tallied,continuous adjusters at their means; no recorded disturbance or treatment; county random effect set to zero,pointwise Wald 95% confidence interval,curve restricted to the observed minimum through the observed 99th percentile of the cohort-specific sugar-maple exposure
12.842789035877617,12.842789035877617,2.627764449820463,-0.976378419800966,FALSE,NA,FALSE,Primary established-tree cohort,frame-corrected basal area of live sugar-maple TREE records at least 5 inches DBH,0.46682910501966085,0.36754691272276113,0.5688099869970754,probability of no sugar-maple seedlings tallied,continuous adjusters at their means; no recorded disturbance or treatment; county random effect set to zero,pointwise Wald 95% confidence interval,curve restricted to the observed minimum through the observed 99th percentile of the cohort-specific sugar-maple exposure
13.238359952165037,13.238359952165037,2.6559397274525147,-0.9472754227844106,FALSE,NA,FALSE,Primary established-tree cohort,frame-corrected basal area of live sugar-maple TREE records at least 5 inches DBH,0.4660761691047192,0.36734952659293074,0.5675337865217642,probability of no sugar-maple seedlings tallied,continuous adjusters at their means; no recorded disturbance or treatment; county random effect set to zero,pointwise Wald 95% confidence interval,curve restricted to the observed minimum through the observed 99th percentile of the cohort-specific sugar-maple exposure
13.6452346851477,13.6452346851477,2.6841150050845664,-0.9181724257678552,FALSE,NA,FALSE,Primary established-tree cohort,frame-corrected basal area of live sugar-maple TREE records at least 5 inches DBH,0.4653233877243178,0.3671384986639424,0.566271156430842,probability of no sugar-maple seedlings tallied,continuous adjusters at their means; no recorded disturbance or treatment; county random effect set to zero,pointwise Wald 95% confidence interval,curve restricted to the observed minimum through the observed 99th percentile of the cohort-specific sugar-maple exposure
14.063736252182593,14.063736252182593,2.712290282716618,-0.8890694287512999,FALSE,NA,FALSE,Primary established-tree cohort,frame-corrected basal area of live sugar-maple TREE records at least 5 inches DBH,0.4645707642748501,0.3669136235342288,0.56502237025459,probability of no sugar-maple seedlings tallied,continuous adjusters at their means; no recorded disturbance or treatment; county random effect set to zero,pointwise Wald 95% confidence interval,curve restricted to the observed minimum through the observed 99th percentile of the cohort-specific sugar-maple exposure
14.49419690115615,14.49419690115615,2.7404655603486696,-0.8599664317347445,FALSE,NA,FALSE,Primary established-tree cohort,frame-corrected basal area of live sugar-maple TREE records at least 5 inches DBH,0.4638183021498399,0.36667469844341233,0.5637876989061057,probability of no sugar-maple seedlings tallied,continuous adjusters at their means; no recorded disturbance or treatment; county random effect set to zero,pointwise Wald 95% confidence interval,curve restricted to the observed minimum through the observed 99th percentile of the cohort-specific sugar-maple exposure
14.936958374255452,14.936958374255452,2.7686408379807212,-0.8308634347181891,FALSE,NA,FALSE,Primary established-tree cohort,frame-corrected basal area of live sugar-maple TREE records at least 5 inches DBH,0.46306600473987947,0.3664215236766631,0.5625674102674175,probability of no sugar-maple seedlings tallied,continuous adjusters at their means; no recorded disturbance or treatment; county random effect set to zero,pointwise Wald 95% confidence interval,curve restricted to the observed minimum through the observed 99th percentile of the cohort-specific sugar-maple exposure
15.392372179276938,15.392372179276938,2.796816115612773,-0.8017604377016339,FALSE,NA,FALSE,Primary established-tree cohort,frame-corrected basal area of live sugar-maple TREE records at least 5 inches DBH,0.46231387543256985,0.366153902980339,0.5613617687643144,probability of no sugar-maple seedlings tallied,continuous adjusters at their means; no recorded disturbance or treatment; county random effect set to zero,pointwise Wald 95% confidence interval,curve restricted to the observed minimum through the observed 99th percentile of the cohort-specific sugar-maple exposure
15.860799868688005,15.860799868688005,2.8249913932448245,-0.7726574406850785,FALSE,NA,FALSE,Primary established-tree cohort,frame-corrected basal area of live sugar-maple TREE records at least 5 inches DBH,0.46156191761246046,0.365871643987752,0.5601710349310467,probability of no sugar-maple seedlings tallied,continuous adjusters at their means; no recorded disturbance or treatment; county random effect set to zero,pointwise Wald 95% confidence interval,curve restricted to the observed minimum through the observed 99th percentile of the cohort-specific sugar-maple exposure
16.342613326663088,16.342613326663088,2.853166670876876,-0.7435544436685231,FALSE,NA,FALSE,Primary established-tree cohort,frame-corrected basal area of live sugar-maple TREE records at least 5 inches DBH,0.46081013466098764,0.36557455865375693,0.5589954649662048,probability of no sugar-maple seedlings tallied,continuous adjusters at their means; no recorded disturbance or treatment; county random effect set to zero,pointwise Wald 95% confidence interval,curve restricted to the observed minimum through the observed 99th percentile of the cohort-specific sugar-maple exposure
16.83819506432204,16.83819506432204,2.8813419485089278,-0.7144514466519678,FALSE,NA,FALSE,Primary established-tree cohort,frame-corrected basal area of live sugar-maple TREE records at least 5 inches DBH,0.4600585299564155,0.3652624636967248,0.5578353102812188,probability of no sugar-maple seedlings tallied,continuous adjusters at their means; no recorded disturbance or treatment; county random effect set to zero,pointwise Wald 95% confidence interval,curve restricted to the observed minimum through the observed 99th percentile of the cohort-specific sugar-maple exposure
17.34793852340527,17.34793852340527,2.9095172261409794,-0.6853484496354124,FALSE,NA,FALSE,Primary established-tree cohort,frame-corrected basal area of live sugar-maple TREE records at least 5 inches DBH,0.4593071068737749,0.36493518104632017,0.5566908170430585,probability of no sugar-maple seedlings tallied,continuous adjusters at their means; no recorded disturbance or treatment; county random effect set to zero,pointwise Wald 95% confidence interval,curve restricted to the observed minimum through the observed 99th percentile of the cohort-specific sugar-maple exposure
17.872248388626627,17.872248388626627,2.937692503773031,-0.656245452618857,FALSE,NA,FALSE,Primary established-tree cohort,frame-corrected basal area of live sugar-maple TREE records at least 5 inches DBH,0.45855586878480425,0.3645925382953692,0.5555622257128527,probability of no sugar-maple seedlings tallied,continuous adjusters at their means; no recorded disturbance or treatment; county random effect set to zero,pointwise Wald 95% confidence interval,curve restricted to the observed minimum through the observed 99th percentile of the cohort-specific sugar-maple exposure
18.41154090895214,18.41154090895214,2.9658677814050827,-0.6271424556023018,FALSE,NA,FALSE,Primary established-tree cohort,frame-corrected basal area of live sugar-maple TREE records at least 5 inches DBH,0.457804819057889,0.3642343691539792,0.5544497705822702,probability of no sugar-maple seedlings tallied,continuous adjusters at their means; no recorded disturbance or treatment; county random effect set to zero,pointwise Wald 95% confidence interval,curve restricted to the observed minimum through the observed 99th percentile of the cohort-specific sugar-maple exposure
18.966244228059548,18.966244228059548,2.9940430590371343,-0.5980394585857464,FALSE,NA,FALSE,Primary established-tree cohort,frame-corrected basal area of live sugar-maple TREE records at least 5 inches DBH,0.45705396105800195,0.3638605139039485,0.5533536793096232,probability of no sugar-maple seedlings tallied,continuous adjusters at their means; no recorded disturbance or treatment; county random effect set to zero,pointwise Wald 95% confidence interval,curve restricted to the observed minimum through the observed 99th percentile of the cohort-specific sugar-maple exposure
19.53679872424105,19.53679872424105,3.022218336669186,-0.568936461569191,FALSE,NA,FALSE,Primary established-tree cohort,frame-corrected basal area of live sugar-maple TREE records at least 5 inches DBH,0.45630329814664405,0.3634708198513989,0.5522741724577673,probability of no sugar-maple seedlings tallied,continuous adjusters at their means; no recorded disturbance or treatment; county random effect set to zero,pointwise Wald 95% confidence interval,curve restricted to the observed minimum through the observed 99th percentile of the cohort-specific sugar-maple exposure
20.12365736001909,20.12365736001909,3.0503936143012376,-0.5398334645526357,FALSE,NA,FALSE,Primary established-tree cohort,frame-corrected basal area of live sugar-maple TREE records at least 5 inches DBH,0.455552833681784,0.36306514177546406,0.551211463035965,probability of no sugar-maple seedlings tallied,continuous adjusters at their means; no recorded disturbance or treatment; county random effect set to zero,pointwise Wald 95% confidence interval,curve restricted to the observed minimum through the observed 99th percentile of the cohort-specific sugar-maple exposure
20.727286041752773,20.727286041752773,3.078568891933289,-0.5107304675360803,FALSE,NA,FALSE,Primary established-tree cohort,frame-corrected basal area of live sugar-maple TREE records at least 5 inches DBH,0.45480257101780014,0.36264334237078927,0.5501657560479618,probability of no sugar-maple seedlings tallied,continuous adjusters at their means; no recorded disturbance or treatment; county random effect set to zero,pointwise Wald 95% confidence interval,curve restricted to the observed minimum through the observed 99th percentile of the cohort-specific sugar-maple exposure
21.348163989520337,21.348163989520337,3.106744169565341,-0.481627470519525,FALSE,NA,FALSE,Primary established-tree cohort,frame-corrected basal area of live sugar-maple TREE records at least 5 inches DBH,0.4540525135054202,0.3622052926815261,0.5491372480485914,probability of no sugar-maple seedlings tallied,continuous adjusters at their means; no recorded disturbance or treatment; county random effect set to zero,pointwise Wald 95% confidence interval,curve restricted to the observed minimum through the observed 99th percentile of the cohort-specific sugar-maple exposure
21.986784117571407,21.986784117571407,3.1349194471973925,-0.4525244735029696,FALSE,NA,FALSE,Primary established-tree cohort,frame-corrected basal area of live sugar-maple TREE records at least 5 inches DBH,0.4533026644916621,0.3617508725244643,0.5481261267112743,probability of no sugar-maple seedlings tallied,continuous adjusters at their means; no recorded disturbance or treatment; county random effect set to zero,pointwise Wald 95% confidence interval,curve restricted to the observed minimum through the observed 99th percentile of the cohort-specific sugar-maple exposure
22.64365342565101,22.64365342565101,3.163094724829444,-0.42342147648641426,FALSE,NA,FALSE,Primary established-tree cohort,frame-corrected basal area of live sugar-maple TREE records at least 5 inches DBH,0.45255302731977626,0.3612799708989123,0.5471325704087974,probability of no sugar-maple seedlings tallied,continuous adjusters at their means; no recorded disturbance or treatment; county random effect set to zero,pointwise Wald 95% confidence interval,curve restricted to the observed minimum through the observed 99th percentile of the cohort-specific sugar-maple exposure
23.319293401506066,23.319293401506066,3.1912700024614957,-0.39431847946985893,FALSE,NA,FALSE,Primary established-tree cohort,frame-corrected basal area of live sugar-maple TREE records at least 5 inches DBH,0.4518036053291853,0.3607924863809313,0.5461567478097749,probability of no sugar-maple seedlings tallied,continuous adjusters at their means; no recorded disturbance or treatment; county random effect set to zero,pointwise Wald 95% confidence interval,curve restricted to the observed minimum through the observed 99th percentile of the cohort-specific sugar-maple exposure
24.01424043489387,24.01424043489387,3.2194452800935474,-0.36521548245330354,FALSE,NA,FALSE,Primary established-tree cohort,frame-corrected basal area of live sugar-maple TREE records at least 5 inches DBH,0.45105440185542633,0.3602883274995469,0.5451988174931671,probability of no sugar-maple seedlings tallied,continuous adjusters at their means; no recorded disturbance or treatment; county random effect set to zero,pointwise Wald 95% confidence interval,curve restricted to the observed minimum through the observed 99th percentile of the cohort-specific sugar-maple exposure
24.72904624342128,24.72904624342128,3.247620557725599,-0.3361124854367482,FALSE,NA,FALSE,Primary established-tree cohort,frame-corrected basal area of live sugar-maple TREE records at least 5 inches DBH,0.45030542023009207,0.35976741309259974,0.5442589275832014,probability of no sugar-maple seedlings tallied,continuous adjusters at their means; no recorded disturbance or treatment; county random effect set to zero,pointwise Wald 95% confidence interval,curve restricted to the observed minimum through the observed 99th percentile of the cohort-specific sugar-maple exposure
25.464278310552636,25.464278310552636,3.2757958353576506,-0.3070094884201929,FALSE,NA,FALSE,Primary established-tree cohort,frame-corrected basal area of live sugar-maple TREE records at least 5 inches DBH,0.4495566637807724,0.35922967263996136,0.5433372154069667,probability of no sugar-maple seedlings tallied,continuous adjusters at their means; no recorded disturbance or treatment; county random effect set to zero,pointwise Wald 95% confidence interval,curve restricted to the observed minimum through the observed 99th percentile of the cohort-specific sugar-maple exposure
26.22052033613422,26.22052033613422,3.3039711129897023,-0.2779064914036375,FALSE,NA,FALSE,Primary established-tree cohort,frame-corrected basal area of live sugar-maple TREE records at least 5 inches DBH,0.44880813583099666,0.3586750465719313,0.5424338071768746,probability of no sugar-maple seedlings tallied,continuous adjusters at their means; no recorded disturbance or treatment; county random effect set to zero,pointwise Wald 95% confidence interval,curve restricted to the observed minimum through the observed 99th percentile of the cohort-specific sugar-maple exposure
26.99837269979284,26.99837269979284,3.332146390621754,-0.24880349438708216,FALSE,NA,FALSE,Primary established-tree cohort,frame-corrected basal area of live sugar-maple TREE records at least 5 inches DBH,0.44805983970017477,0.3581034865507412,0.541548817700058,probability of no sugar-maple seedlings tallied,continuous adjusters at their means; no recorded disturbance or treatment; county random effect set to zero,pointwise Wald 95% confidence interval,curve restricted to the observed minimum through the observed 99th percentile of the cohort-specific sugar-maple exposure
27.79845293757648,27.79845293757648,3.3603216682538055,-0.2197004973705268,FALSE,NA,FALSE,Primary established-tree cohort,frame-corrected basal area of live sugar-maple TREE records at least 5 inches DBH,0.44731177870354033,0.3575149557232321,0.5406823501166473,probability of no sugar-maple seedlings tallied,continuous adjusters at their means; no recorded disturbance or treatment; county random effect set to zero,pointwise Wald 95% confidence interval,curve restricted to the observed minimum through the observed 99th percentile of the cohort-specific sugar-maple exposure
28.62139623221545,28.62139623221545,3.388496945885857,-0.19059750035397144,FALSE,NA,FALSE,Primary established-tree cohort,frame-corrected basal area of live sugar-maple TREE records at least 5 inches DBH,0.446563956152092,0.35690942894292416,0.5398344956687062,probability of no sugar-maple seedlings tallied,continuous adjusters at their means; no recorded disturbance or treatment; county random effect set to zero,pointwise Wald 95% confidence interval,curve restricted to the observed minimum through the observed 99th percentile of the cohort-specific sugar-maple exposure
29.467855917393145,29.467855917393145,3.416672223517909,-0.1614945033374161,FALSE,NA,FALSE,Primary established-tree cohort,frame-corrected basal area of live sugar-maple TREE records at least 5 inches DBH,0.4458163753525361,0.35628689295988575,0.5390053335014224,probability of no sugar-maple seedlings tallied,continuous adjusters at their means; no recorded disturbance or treatment; county random effect set to zero,pointwise Wald 95% confidence interval,curve restricted to the observed minimum through the observed 99th percentile of the cohort-specific sugar-maple exposure
30.338503996426894,30.338503996426894,3.4448475011499604,-0.13239150632086075,FALSE,NA,FALSE,Primary established-tree cohort,frame-corrected basal area of live sugar-maple TREE records at least 5 inches DBH,0.44506903960722993,0.35564734657700176,0.5381949304979567,probability of no sugar-maple seedlings tallied,continuous adjusters at their means; no recorded disturbance or treatment; county random effect set to zero,pointwise Wald 95% confidence interval,curve restricted to the observed minimum through the observed 99th percentile of the cohort-specific sugar-maple exposure
31.234031675770574,31.234031675770574,3.473022778782012,-0.1032885093043054,FALSE,NA,FALSE,Primary established-tree cohort,frame-corrected basal area of live sugar-maple TREE records at least 5 inches DBH,0.44432195221412335,0.35499080077146294,0.5374033411491305,probability of no sugar-maple seedlings tallied,continuous adjusters at their means; no recorded disturbance or treatment; county random effect set to zero,pointwise Wald 95% confidence interval,curve restricted to the observed minimum through the observed 99th percentile of the cohort-specific sugar-maple exposure
32.15514991376256,32.15514991376256,3.5011980564140637,-0.07418551228775004,FALSE,NA,FALSE,Primary established-tree cohort,frame-corrected basal area of live sugar-maple TREE records at least 5 inches DBH,0.4435751164667027,0.3543172787805289,0.5366306074589015,probability of no sugar-maple seedlings tallied,continuous adjusters at their means; no recorded disturbance or treatment; county random effect set to zero,pointwise Wald 95% confidence interval,curve restricted to the observed minimum through the observed 99th percentile of the cohort-specific sugar-maple exposure
33.10258998505469,33.10258998505469,3.5293733340461153,-0.045082515271194695,FALSE,NA,FALSE,Primary established-tree cohort,frame-corrected basal area of live sugar-maple TREE records at least 5 inches DBH,0.44282853565393354,0.3536268161508613,0.5358767588863337,probability of no sugar-maple seedlings tallied,continuous adjusters at their means; no recorded disturbance or treatment; county random effect set to zero,pointwise Wald 95% confidence interval,curve restricted to the observed minimum through the observed 99th percentile of the cohort-specific sugar-maple exposure
34.07710406117035,34.07710406117035,3.557548611678167,-0.015979518254639342,FALSE,NA,FALSE,Primary established-tree cohort,frame-corrected basal area of live sugar-maple TREE records at least 5 inches DBH,0.4420822130602034,0.3529194607509803,0.535141812324512,probability of no sugar-maple seedlings tallied,continuous adjusters at their means; no recorded disturbance or treatment; county random effect set to zero,pointwise Wald 95% confidence interval,curve restricted to the observed minimum through the observed 99th percentile of the cohort-specific sugar-maple exposure
35.07946580765251,35.07946580765251,3.5857238893102186,0.01312347876191601,FALSE,NA,FALSE,Primary established-tree cohort,frame-corrected basal area of live sugar-maple TREE records at least 5 inches DBH,0.44133615196526615,0.3521952727466537,0.5344257721165911,probability of no sugar-maple seedlings tallied,continuous adjusters at their means; no recorded disturbance or treatment; county random effect set to zero,pointwise Wald 95% confidence interval,curve restricted to the observed minimum through the observed 99th percentile of the cohort-specific sugar-maple exposure
36.11047099827586,36.11047099827586,3.61389916694227,0.04222647577847136,FALSE,NA,FALSE,Primary established-tree cohort,frame-corrected basal area of live sugar-maple TREE records at least 5 inches DBH,0.44059035564418475,0.35145432453929415,0.5337286301089099,probability of no sugar-maple seedlings tallied,continuous adjusters at their means; no recorded disturbance or treatment; county random effect set to zero,pointwise Wald 95% confidence interval,curve restricted to the observed minimum through the observed 99th percentile of the cohort-specific sugar-maple exposure
37.17093814681065,37.17093814681065,3.642074444574322,0.07132947279502672,FALSE,NA,FALSE,Primary established-tree cohort,frame-corrected basal area of live sugar-maple TREE records at least 5 inches DBH,0.4398448273672757,0.35069670066770214,0.533050365740833,probability of no sugar-maple seedlings tallied,continuous adjusters at their means; no recorded disturbance or treatment; county random effect set to zero,pointwise Wald 95% confidence interval,curve restricted to the observed minimum through the observed 99th percentile of the cohort-specific sugar-maple exposure
38.26170915683977,38.26170915683977,3.6702497222063735,0.10043246981158206,FALSE,NA,FALSE,Primary established-tree cohort,frame-corrected basal area of live sugar-maple TREE records at least 5 inches DBH,0.43909957040005254,0.34992249767374706,0.5323909461707296,probability of no sugar-maple seedlings tallied,continuous adjusters at their means; no recorded disturbance or treatment; county random effect set to zero,pointwise Wald 95% confidence interval,curve restricted to the observed minimum through the observed 99th percentile of the cohort-specific sugar-maple exposure
39.383649990145024,39.383649990145024,3.698424999838425,0.1295354668281374,FALSE,NA,FALSE,Primary established-tree cohort,frame-corrected basal area of live sugar-maple TREE records at least 5 inches DBH,0.43835458800317023,0.34913182393283465,0.531750326437245,probability of no sugar-maple seedlings tallied,continuous adjusters at their means; no recorded disturbance or treatment; county random effect set to zero,pointwise Wald 95% confidence interval,curve restricted to the observed minimum through the observed 99th percentile of the cohort-specific sugar-maple exposure
40.53765135419307,40.53765135419307,3.7266002774704767,0.15863846384469277,FALSE,NA,FALSE,Primary established-tree cohort,frame-corrected basal area of live sugar-maple TREE records at least 5 inches DBH,0.4376098834323694,0.34832479945024747,0.5311284496547795,probability of no sugar-maple seedlings tallied,continuous adjusters at their means; no recorded disturbance or treatment; county random effect set to zero,pointwise Wald 95% confidence interval,curve restricted to the observed minimum through the observed 99th percentile of the cohort-specific sugar-maple exposure
41.72462940926707,41.72462940926707,3.7547755551025284,0.18774146086124813,FALSE,NA,FALSE,Primary established-tree cohort,frame-corrected basal area of live sugar-maple TREE records at least 5 inches DBH,0.43686545993842085,0.3475015556246714,0.5305252472418626,probability of no sugar-maple seedlings tallied,continuous adjusters at their means; no recorded disturbance or treatment; county random effect set to zero,pointwise Wald 95% confidence interval,curve restricted to the observed minimum through the observed 99th percentile of the cohort-specific sugar-maple exposure
42.94552649580515,42.94552649580515,3.78295083273458,0.21684445787780346,FALSE,NA,FALSE,Primary established-tree cohort,frame-corrected basal area of live sugar-maple TREE records at least 5 inches DBH,0.43612132076707033,0.3466622349804354,0.5299406391808996,probability of no sugar-maple seedlings tallied,continuous adjusters at their means; no recorded disturbance or treatment; county random effect set to zero,pointwise Wald 95% confidence interval,curve restricted to the observed minimum through the observed 99th percentile of the cohort-specific sugar-maple exposure
44.201311882523406,44.201311882523406,3.8111261103666316,0.24594745489435882,FALSE,NA,FALSE,Primary established-tree cohort,frame-corrected basal area of live sugar-maple TREE records at least 5 inches DBH,0.43537746915898334,0.3458069908701831,0.529374534307573,probability of no sugar-maple seedlings tallied,continuous adjusters at their means; no recorded disturbance or treatment; county random effect set to zero,pointwise Wald 95% confidence interval,curve restricted to the observed minimum through the observed 99th percentile of the cohort-specific sugar-maple exposure
45.49298253591711,45.49298253591711,3.8393013879986833,0.27505045191091415,FALSE,NA,FALSE,Primary established-tree cohort,frame-corrected basal area of live sugar-maple TREE records at least 5 inches DBH,0.43463390834969035,0.3449359871498669,0.5288268306280082,probability of no sugar-maple seedlings tallied,continuous adjusters at their means; no recorded disturbance or treatment; county random effect set to zero,pointwise Wald 95% confidence interval,curve restricted to the observed minimum through the observed 99th percentile of the cohort-specific sugar-maple exposure
46.821563911751234,46.821563911751234,3.867476665630735,0.30415344892746954,FALSE,NA,FALSE,Primary established-tree cohort,frame-corrected basal area of live sugar-maple TREE records at least 5 inches DBH,0.4338906415695316,0.3440493978281089,0.5282974156616657,probability of no sugar-maple seedlings tallied,continuous adjusters at their means; no recorded disturbance or treatment; county random effect set to zero,pointwise Wald 95% confidence interval,curve restricted to the observed minimum through the observed 99th percentile of the cohort-specific sugar-maple exposure
48.18811076916851,48.18811076916851,3.8956519432627865,0.33325644594402487,FALSE,NA,FALSE,Primary established-tree cohort,frame-corrected basal area of live sugar-maple TREE records at least 5 inches DBH,0.4331476720436036,0.3431474066920961,0.527786166807789,probability of no sugar-maple seedlings tallied,continuous adjusters at their means; no recorded disturbance or treatment; county random effect set to zero,pointwise Wald 95% confidence interval,curve restricted to the observed minimum through the observed 99th percentile of the cohort-specific sugar-maple exposure
49.593708008061455,49.593708008061455,3.923827220894838,0.3623594429605802,FALSE,NA,FALSE,Primary established-tree cohort,frame-corrected basal area of live sugar-maple TREE records at least 5 inches DBH,0.43240500299170365,0.34223020691228434,0.5272929517331397,probability of no sugar-maple seedlings tallied,continuous adjusters at their means; no recorded disturbance or treatment; county random effect set to zero,pointwise Wald 95% confidence interval,curve restricted to the observed minimum through the observed 99th percentile of the cohort-specific sugar-maple exposure
51.03947153037308,51.03947153037308,3.95200249852689,0.3914624399771356,FALSE,NA,FALSE,Primary established-tree cohort,frame-corrected basal area of live sugar-maple TREE records at least 5 inches DBH,0.43166263762827617,0.3412980006282615,0.5268176287786682,probability of no sugar-maple seedlings tallied,continuous adjusters at their means; no recorded disturbance or treatment; county random effect set to zero,pointwise Wald 95% confidence interval,curve restricted to the observed minimum through the observed 99th percentile of the cohort-specific sugar-maple exposure
52.52654912601006,52.52654912601006,3.9801777761589414,0.4205654369936909,FALSE,NA,FALSE,Primary established-tree cohort,frame-corrected basal area of live sugar-maple TREE records at least 5 inches DBH,0.4309205791623591,0.3403509985181767,0.526360047382718,probability of no sugar-maple seedlings tallied,continuous adjusters at their means; no recorded disturbance or treatment; county random effect set to zero,pointwise Wald 95% confidence interval,curve restricted to the observed minimum through the observed 99th percentile of the cohort-specific sugar-maple exposure
54.05612138407181,54.05612138407181,4.0083530537909935,0.44966843401024675,FALSE,NA,FALSE,Primary established-tree cohort,frame-corrected basal area of live sugar-maple TREE records at least 5 inches DBH,0.4301788307975297,0.339389419354169,0.5259200485183282,probability of no sugar-maple seedlings tallied,continuous adjusters at their means; no recorded disturbance or treatment; county random effect set to zero,pointwise Wald 95% confidence interval,curve restricted to the observed minimum through the observed 99th percentile of the cohort-specific sugar-maple exposure
55.629402630118626,55.629402630118626,4.036528331423045,0.4787714310268021,FALSE,NA,FALSE,Primary established-tree cohort,frame-corrected basal area of live sugar-maple TREE records at least 5 inches DBH,0.42943739573185125,0.33841348954623895,0.525497465142196,probability of no sugar-maple seedlings tallied,continuous adjusters at their means; no recorded disturbance or treatment; county random effect set to zero,pointwise Wald 95% confidence interval,curve restricted to the observed minimum through the observed 99th percentile of the cohort-specific sugar-maple exposure
57.24764189022342,57.24764189022342,4.064703609055097,0.5078744280433575,FALSE,NA,FALSE,Primary established-tree cohort,frame-corrected basal area of live sugar-maple TREE records at least 5 inches DBH,0.4286962771578195,0.3374234426769864,0.5250921226528757,probability of no sugar-maple seedlings tallied,continuous adjusters at their means; no recorded disturbance or treatment; county random effect set to zero,pointwise Wald 95% confidence interval,curve restricted to the observed minimum through the observed 99th percentile of the cohort-specific sugar-maple exposure
58.9121238825719,58.9121238825719,4.092878886687148,0.5369774250599127,FALSE,NA,FALSE,Primary established-tree cohort,frame-corrected basal area of live sugar-maple TREE records at least 5 inches DBH,0.4279554782623099,0.33641951902960354,0.5247038393558264,probability of no sugar-maple seedlings tallied,continuous adjusters at their means; no recorded disturbance or treatment; county random effect set to zero,pointwise Wald 95% confidence interval,curve restricted to the observed minimum through the observed 99th percentile of the cohort-specific sugar-maple exposure
60.62417003739881,60.62417003739881,4.1210541643192,0.5660804220764681,FALSE,NA,FALSE,Primary established-tree cohort,frame-corrected basal area of live sugar-maple TREE records at least 5 inches DBH,0.4272150022265244,0.3354019651114517,0.5243324269329828,probability of no sugar-maple seedlings tallied,continuous adjusters at their means; no recorded disturbance or treatment; county random effect set to zero,pointwise Wald 95% confidence interval,curve restricted to the observed minimum through the observed 99th percentile of the cohort-specific sugar-maple exposure
62.38513954606981,62.38513954606981,4.149229441951252,0.5951834190930235,FALSE,NA,FALSE,Primary established-tree cohort,frame-corrected basal area of live sugar-maple TREE records at least 5 inches DBH,0.42647485222593906,0.3343710331754793,0.5239776909145922,probability of no sugar-maple seedlings tallied,continuous adjusters at their means; no recorded disturbance or treatment; county random effect set to zero,pointwise Wald 95% confidence interval,curve restricted to the observed minimum through the observed 99th percentile of the cohort-specific sugar-maple exposure
64.19643044014181,64.19643044014181,4.177404719583303,0.6242864161095788,FALSE,NA,FALSE,Primary established-tree cohort,frame-corrected basal area of live sugar-maple TREE records at least 5 inches DBH,0.4257350314302512,0.3333269807416421,0.5236394311511586,probability of no sugar-maple seedlings tallied,continuous adjusters at their means; no recorded disturbance or treatment; county random effect set to zero,pointwise Wald 95% confidence interval,curve restricted to the observed minimum through the observed 99th percentile of the cohort-specific sugar-maple exposure
66.05948070125856,66.05948070125856,4.205579997215355,0.6533894131261342,FALSE,NA,FALSE,Primary established-tree cohort,frame-corrected basal area of live sugar-maple TREE records at least 5 inches DBH,0.4249955430033273,0.3322700701203869,0.5233174422834332,probability of no sugar-maple seedlings tallied,continuous adjusters at their means; no recorded disturbance or treatment; county random effect set to zero,pointwise Wald 95% confidence interval,curve restricted to the observed minimum through the observed 99th percentile of the cohort-specific sugar-maple exposure
67.97576940276255,67.97576940276255,4.2337552748474065,0.6824924101426896,FALSE,NA,FALSE,Primary established-tree cohort,frame-corrected basal area of live sugar-maple TREE records at least 5 inches DBH,0.4242563901031512,0.3312005679401393,0.523011514208514,probability of no sugar-maple seedlings tallied,continuous adjusters at their means; no recorded disturbance or treatment; county random effect set to zero,pointwise Wald 95% confidence interval,curve restricted to the observed minimum through the observed 99th percentile of the cohort-specific sugar-maple exposure
69.94681788392947,69.94681788392947,4.261930552479458,0.7115954071592449,FALSE,NA,FALSE,Primary established-tree cohort,frame-corrected basal area of live sugar-maple TREE records at least 5 inches DBH,0.42351757588177186,0.33011874468061053,0.5227214325402377,probability of no sugar-maple seedlings tallied,continuous adjusters at their means; no recorded disturbance or treatment; county random effect set to zero,pointwise Wald 95% confidence interval,curve restricted to the observed minimum through the observed 99th percentile of the cohort-specific sugar-maple exposure
71.97419095775768,71.97419095775768,4.29010583011151,0.7406984041758002,FALSE,NA,FALSE,Primary established-tree cohort,frame-corrected basal area of live sugar-maple TREE records at least 5 inches DBH,0.42277910348525194,0.3290248742136045,0.5224469790621881,probability of no sugar-maple seedlings tallied,continuous adjusters at their means; no recorded disturbance or treatment; county random effect set to zero,pointwise Wald 95% confidence interval,curve restricted to the observed minimum through the observed 99th percentile of the cohort-specific sugar-maple exposure
74.05949815327136,74.05949815327136,4.3182811077435614,0.7698014011923556,FALSE,NA,FALSE,Primary established-tree cohort,frame-corrected basal area of live sugar-maple TREE records at least 5 inches DBH,0.42204097605361657,0.3279192333528644,0.5221879321717778,probability of no sugar-maple seedlings tallied,continuous adjusters at their means; no recorded disturbance or treatment; county random effect set to zero,pointwise Wald 95% confidence interval,curve restricted to the observed minimum through the observed 99th percentile of the cohort-specific sugar-maple exposure
76.2043949933236,76.2043949933236,4.346456385375613,0.7989043982089109,FALSE,NA,FALSE,Primary established-tree cohort,frame-corrected basal area of live sugar-maple TREE records at least 5 inches DBH,0.4213031967208019,0.32680210141435667,0.5219440673140123,probability of no sugar-maple seedlings tallied,continuous adjusters at their means; no recorded disturbance or treatment; county random effect set to zero,pointwise Wald 95% confidence interval,curve restricted to the observed minimum through the observed 99th percentile of the cohort-specific sugar-maple exposure
78.41058430891398,78.41058430891398,4.374631663007665,0.8280073952254663,FALSE,NA,FALSE,Primary established-tree cohort,frame-corrected basal area of live sugar-maple TREE records at least 5 inches DBH,0.4205657686146043,0.3256737597882422,0.5217151574036821,probability of no sugar-maple seedlings tallied,continuous adjusters at their means; no recorded disturbance or treatment; county random effect set to zero,pointwise Wald 95% confidence interval,curve restricted to the observed minimum through the observed 99th percentile of the cohort-specific sugar-maple exposure
80.67981759106414,80.67981759106414,4.402806940639716,0.8571103922420217,FALSE,NA,FALSE,Primary established-tree cohort,frame-corrected basal area of live sugar-maple TREE records at least 5 inches DBH,0.41982869485662994,0.3245344915236402,0.5215009732348834,probability of no sugar-maple seedlings tallied,continuous adjusters at their means; no recorded disturbance or treatment; county random effect set to zero,pointwise Wald 95% confidence interval,curve restricted to the observed minimum through the observed 99th percentile of the cohort-specific sugar-maple exposure
83.0138963813242,83.0138963813242,4.430982218271768,0.8862133892585771,FALSE,NA,FALSE,Primary established-tree cohort,frame-corrected basal area of live sugar-maple TREE records at least 5 inches DBH,0.4190919785622434,0.3233845809271456,0.521301283876903,probability of no sugar-maple seedlings tallied,continuous adjusters at their means; no recorded disturbance or treatment; county random effect set to zero,pointwise Wald 95% confidence interval,curve restricted to the observed minimum through the observed 99th percentile of the cohort-specific sugar-maple exposure
85.41467370201461,85.41467370201461,4.45915749590382,0.9153163862751323,FALSE,NA,FALSE,Primary established-tree cohort,frame-corrected basal area of live sugar-maple TREE records at least 5 inches DBH,0.4183556228405187,0.32222431317591815,0.5211158570556547,probability of no sugar-maple seedlings tallied,continuous adjusters at their means; no recorded disturbance or treatment; county random effect set to zero,pointwise Wald 95% confidence interval,curve restricted to the observed minimum through the observed 99th percentile of the cohort-specific sugar-maple exposure
87.88405552733818,87.88405552733818,4.487332773535871,0.9444193832916877,FALSE,NA,FALSE,Primary established-tree cohort,frame-corrected basal area of live sugar-maple TREE records at least 5 inches DBH,0.41761963079418823,0.32105397394602575,0.5209444595199807,probability of no sugar-maple seedlings tallied,continuous adjusters at their means; no recorded disturbance or treatment; county random effect set to zero,pointwise Wald 95% confidence interval,curve restricted to the observed minimum through the observed 99th percentile of the cohort-specific sugar-maple exposure
90.42400229653072,90.42400229653072,4.515508051167923,0.9735223803082431,FALSE,NA,FALSE,Primary established-tree cohort,frame-corrected basal area of live sugar-maple TREE records at least 5 inches DBH,0.4168840055195935,0.31987384905659144,0.5207868573922748,probability of no sugar-maple seedlings tallied,continuous adjusters at their means; no recorded disturbance or treatment; county random effect set to zero,pointwise Wald 95% confidence interval,curve restricted to the observed minimum through the observed 99th percentile of the cohort-specific sugar-maple exposure
93.03653047025138,93.03653047025138,4.5436833287999745,1.0026253773247984,FALSE,NA,FALSE,Primary established-tree cohort,frame-corrected basal area of live sugar-maple TREE records at least 5 inches DBH,0.41614875010663527,0.31868422413016556,0.520642816503001,probability of no sugar-maple seedlings tallied,continuous adjusters at their means; no recorded disturbance or treatment; county random effect set to zero,pointwise Wald 95% confidence interval,curve restricted to the observed minimum through the observed 99th percentile of the cohort-specific sugar-maple exposure
95.72371413144839,95.72371413144839,4.571858606432026,1.0317283743413537,FALSE,NA,FALSE,Primary established-tree cohort,frame-corrected basal area of live sugar-maple TREE records at least 5 inches DBH,0.4154138676387247,0.31748538426962786,0.5205121027088088,probability of no sugar-maple seedlings tallied,continuous adjusters at their means; no recorded disturbance or treatment; county random effect set to zero,pointwise Wald 95% confidence interval,curve restricted to the observed minimum through the observed 99th percentile of the cohort-specific sugar-maple exposure
98.48768663197085,98.48768663197085,4.600033884064078,1.0608313713579092,FALSE,NA,FALSE,Primary established-tree cohort,frame-corrected basal area of live sugar-maple TREE records at least 5 inches DBH,0.41467936119273363,0.3162776137518106,0.5203944821940503,probability of no sugar-maple seedlings tallied,continuous adjusters at their means; no recorded disturbance or treatment; county random effect set to zero,pointwise Wald 95% confidence interval,curve restricted to the observed minimum through the observed 99th percentile of the cohort-specific sugar-maple exposure
101.33064228623431,101.33064228623431,4.628209161696129,1.0899343683744644,FALSE,NA,FALSE,Primary established-tree cohort,frame-corrected basal area of live sugar-maple TREE records at least 5 inches DBH,0.41394523383894655,0.3150611957379294,0.5202897217556169,probability of no sugar-maple seedlings tallied,continuous adjusters at their means; no recorded disturbance or treatment; county random effect set to zero,pointwise Wald 95% confidence interval,curve restricted to the observed minimum through the observed 99th percentile of the cohort-specific sugar-maple exposure
104.25483811328425,104.25483811328425,4.656384439328181,1.1190373653910197,FALSE,NA,FALSE,Primary established-tree cohort,frame-corrected basal area of live sugar-maple TREE records at least 5 inches DBH,0.4132114886410111,0.3138364120008121,0.5201975890711027,probability of no sugar-maple seedlings tallied,continuous adjusters at their means; no recorded disturbance or treatment; county random effect set to zero,pointwise Wald 95% confidence interval,curve restricted to the observed minimum through the observed 99th percentile of the cohort-specific sugar-maple exposure
107.2625956286408,107.2625956286408,4.684559716960233,1.1481403624075752,FALSE,NA,FALSE,Primary established-tree cohort,frame-corrected basal area of live sugar-maple TREE records at least 5 inches DBH,0.41247812865589045,0.31260354266882967,0.5201178529503925,probability of no sugar-maple seedlings tallied,continuous adjusters at their means; no recorded disturbance or treatment; county random effect set to zero,pointwise Wald 95% confidence interval,curve restricted to the observed minimum through the observed 99th percentile of the cohort-specific sugar-maple exposure
110.35630268734704,110.35630268734704,4.712734994592284,1.1772433594241305,FALSE,NA,FALSE,Primary established-tree cohort,frame-corrected basal area of live sugar-maple TREE records at least 5 inches DBH,0.41174515693381486,0.31136286598635066,0.5200502835708547,probability of no sugar-maple seedlings tallied,continuous adjusters at their means; no recorded disturbance or treatment; county random effect set to zero,pointwise Wald 95% confidence interval,curve restricted to the observed minimum through the observed 99th percentile of the cohort-specific sugar-maple exposure
113.5384153796843,113.5384153796843,4.740910272224336,1.2063463564406858,FALSE,NA,FALSE,Primary established-tree cohort,frame-corrected basal area of live sugar-maple TREE records at least 5 inches DBH,0.4110125765182338,0.31011465809047134,0.5199946526963841,probability of no sugar-maple seedlings tallied,continuous adjusters at their means; no recorded disturbance or treatment; county random effect set to zero,pointwise Wald 95% confidence interval,curve restricted to the observed minimum through the observed 99th percentile of the cohort-specific sugar-maple exposure
116.8114599810592,116.8114599810592,4.7690855498563876,1.2354493534572413,FALSE,NA,FALSE,Primary established-tree cohort,frame-corrected basal area of live sugar-maple TREE records at least 5 inches DBH,0.4102803904457684,0.30885919280370977,0.5199507338806107,probability of no sugar-maple seedlings tallied,continuous adjusters at their means; no recorded disturbance or treatment; county random effect set to zero,pointwise Wald 95% confidence interval,curve restricted to the observed minimum through the observed 99th percentile of the cohort-specific sugar-maple exposure
120.17803495761066,120.17803495761066,4.797260827488439,1.2645523504737965,FALSE,NA,FALSE,Primary established-tree cohort,frame-corrected basal area of live sugar-maple TREE records at least 5 inches DBH,0.40954860174616436,0.3075967414422951,0.5199183026546393,probability of no sugar-maple seedlings tallied,continuous adjusters at their means; no recorded disturbance or treatment; county random effect set to zero,pointwise Wald 95% confidence interval,curve restricted to the observed minimum through the observed 99th percentile of the cohort-specific sugar-maple exposure
123.64081302912898,123.64081302912898,4.825436105120491,1.2936553474903518,FALSE,NA,FALSE,Primary established-tree cohort,frame-corrected basal area of live sugar-maple TREE records at least 5 inches DBH,0.4088172134422441,0.3063275726396379,0.5198971366997384,probability of no sugar-maple seedlings tallied,continuous adjusters at their means; no recorded disturbance or treatment; county random effect set to zero,pointwise Wald 95% confidence interval,curve restricted to the observed minimum through the observed 99th percentile of the cohort-specific sugar-maple exposure
127.20254329092487,127.20254329092487,4.8536113827525424,1.3227583445069073,FALSE,NA,FALSE,Primary established-tree cohort,frame-corrected basal area of live sugar-maple TREE records at least 5 inches DBH,0.4080862285498607,0.30505195218452363,0.5198870160054337,probability of no sugar-maple seedlings tallied,continuous adjusters at their means; no recorded disturbance or treatment; county random effect set to zero,pointwise Wald 95% confidence interval,curve restricted to the observed minimum through the observed 99th percentile of the cohort-specific sugar-maple exposure
130.8660533963329,130.8660533963329,4.881786660384594,1.3518613415234626,FALSE,NA,FALSE,Primary established-tree cohort,frame-corrected basal area of live sugar-maple TREE records at least 5 inches DBH,0.4073556500778511,0.30377014287353965,0.5198877230134981,probability of no sugar-maple seedlings tallied,continuous adjusters at their means; no recorded disturbance or treatment; county random effect set to zero,pointwise Wald 95% confidence interval,curve restricted to the observed minimum through the observed 99th percentile of the cohort-specific sugar-maple exposure
134.63425180158197,134.63425180158197,4.909961938016646,1.3809643385400179,FALSE,NA,FALSE,Primary established-tree cohort,frame-corrected basal area of live sugar-maple TREE records at least 5 inches DBH,0.40662548102798907,0.3024824043772165,0.5198990427483537,probability of no sugar-maple seedlings tallied,continuous adjusters at their means; no recorded disturbance or treatment; county random effect set to zero,pointwise Wald 95% confidence interval,curve restricted to the observed minimum through the observed 99th percentile of the cohort-specific sugar-maple exposure
138.5101300748153,138.5101300748153,4.938137215648697,1.4100673355565734,FALSE,NA,FALSE,Primary established-tree cohort,frame-corrected basal area of live sugar-maple TREE records at least 5 inches DBH,0.4058957243949402,0.30118899311934494,0.5199207629344315,probability of no sugar-maple seedlings tallied,continuous adjusters at their means; no recorded disturbance or treatment; county random effect set to zero,pointwise Wald 95% confidence interval,curve restricted to the observed minimum through the observed 99th percentile of the cohort-specific sugar-maple exposure
142.49676527109264,142.49676527109264,4.966312493280749,1.4391703325731287,FALSE,NA,FALSE,Primary established-tree cohort,frame-corrected basal area of live sugar-maple TREE records at least 5 inches DBH,0.4051663831662151,0.2998901621689114,0.5199526741010374,probability of no sugar-maple seedlings tallied,continuous adjusters at their means; no recorded disturbance or treatment; county random effect set to zero,pointwise Wald 95% confidence interval,curve restricted to the observed minimum through the observed 99th percentile of the cohort-specific sugar-maple exposure
146.59732237526066,146.59732237526066,4.994487770912801,1.4682733295896842,FALSE,NA,FALSE,Primary established-tree cohort,frame-corrected basal area of live sugar-maple TREE records at least 5 inches DBH,0.40443746032212435,0.2985861611440854,0.5199945696752986,probability of no sugar-maple seedlings tallied,continuous adjusters at their means; no recorded disturbance or treatment; county random effect set to zero,pointwise Wald 95% confidence interval,curve restricted to the observed minimum through the observed 99th percentile of the cohort-specific sugar-maple exposure
150.81505681463045,150.81505681463045,5.022663048544852,1.4973763266062394,FALSE,NA,FALSE,Primary established-tree cohort,frame-corrected basal area of live sugar-maple TREE records at least 5 inches DBH,0.4037089588357331,0.2972772361276852,0.5200462460637587,probability of no sugar-maple seedlings tallied,continuous adjusters at their means; no recorded disturbance or treatment; county random effect set to zero,pointwise Wald 95% confidence interval,curve restricted to the observed minimum through the observed 99th percentile of the cohort-specific sugar-maple exposure
155.15331704345746,155.15331704345746,5.050838326176904,1.5264793236227947,FALSE,NA,FALSE,Primary established-tree cohort,frame-corrected basal area of live sugar-maple TREE records at least 5 inches DBH,0.4029808816728158,0.2959636295935455,0.5201075027232014,probability of no sugar-maple seedlings tallied,continuous adjusters at their means; no recorded disturbance or treatment; county random effect set to zero,pointwise Wald 95% confidence interval,curve restricted to the observed minimum through the observed 99th percentile of the cohort-specific sugar-maple exposure
159.6155472012751,159.6155472012751,5.0790136038089555,1.5555823206393502,FALSE,NA,FALSE,Primary established-tree cohort,frame-corrected basal area of live sugar-maple TREE records at least 5 inches DBH,0.40225323179181177,0.29464558034321264,0.520178142221274,probability of no sugar-maple seedlings tallied,continuous adjusters at their means; no recorded disturbance or treatment; county random effect set to zero,pointwise Wald 95% confidence interval,curve restricted to the observed minimum through the observed 99th percentile of the cohort-specific sugar-maple exposure
0.8205605721000001,0.8205605721000001,0.5991444603127457,-3.071794204992951,TRUE,NA,FALSE,Primary established-tree cohort,frame-corrected basal area of live sugar-maple TREE records at least 5 inches DBH,0.2616835369372963,0.14922091084404338,0.41732880768251196,probability of no sugar-maple seedlings tallied,continuous adjusters at their means; no recorded disturbance or treatment; county random effect set to zero,pointwise Wald 95% confidence interval,curve restricted to the observed minimum through the observed 99th percentile of the cohort-specific sugar-maple exposure
0.8725848290467644,0.8725848290467644,0.6273197379447973,-3.0426912079763957,TRUE,NA,FALSE,Primary established-tree cohort,frame-corrected basal area of live sugar-maple TREE records at least 5 inches DBH,0.2610994423541298,0.14939857498291692,0.41551847525336677,probability of no sugar-maple seedlings tallied,continuous adjusters at their means; no recorded disturbance or treatment; county random effect set to zero,pointwise Wald 95% confidence interval,curve restricted to the observed minimum through the observed 99th percentile of the cohort-specific sugar-maple exposure
0.9260957288179094,0.9260957288179094,0.655495015576849,-3.0135882109598406,TRUE,NA,FALSE,Primary established-tree cohort,frame-corrected basal area of live sugar-maple TREE records at least 5 inches DBH,0.2605161914821278,0.14957475598021078,0.4137135805619039,probability of no sugar-maple seedlings tallied,continuous adjusters at their means; no recorded disturbance or treatment; county random effect set to zero,pointwise Wald 95% confidence interval,curve restricted to the observed minimum through the observed 99th percentile of the cohort-specific sugar-maple exposure
0.981135753651856,0.981135753651856,0.6836702932089006,-2.984485213943285,TRUE,NA,FALSE,Primary established-tree cohort,frame-corrected basal area of live sugar-maple TREE records at least 5 inches DBH,0.2599337851579374,0.14974941728126656,0.4119142176138717,probability of no sugar-maple seedlings tallied,continuous adjusters at their means; no recorded disturbance or treatment; county random effect set to zero,pointwise Wald 95% confidence interval,curve restricted to the observed minimum through the observed 99th percentile of the cohort-specific sugar-maple exposure
1.0377485997575577,1.0377485997575577,0.7118455708409522,-2.9553822169267296,TRUE,NA,FALSE,Primary established-tree cohort,frame-corrected basal area of live sugar-maple TREE records at least 5 inches DBH,0.25935222420806603,0.14992252153154423,0.41012048076270075,probability of no sugar-maple seedlings tallied,continuous adjusters at their means; no recorded disturbance or treatment; county random effect set to zero,pointwise Wald 95% confidence interval,curve restricted to the observed minimum through the observed 99th percentile of the cohort-specific sugar-maple exposure
1.095979212004868,1.095979212004868,0.7400208484730039,-2.9262792199101746,TRUE,NA,FALSE,Primary established-tree cohort,frame-corrected basal area of live sugar-maple TREE records at least 5 inches DBH,0.2587715094488968,0.15009403055938145,0.40833246472082974,probability of no sugar-maple seedlings tallied,continuous adjusters at their means; no recorded disturbance or treatment; county random effect set to zero,pointwise Wald 95% confidence interval,curve restricted to the observed minimum through the observed 99th percentile of the cohort-specific sugar-maple exposure
1.1558738196062175,1.1558738196062175,0.7681961261050555,-2.897176222893619,TRUE,NA,FALSE,Primary established-tree cohort,frame-corrected basal area of live sugar-maple TREE records at least 5 inches DBH,0.25819164168670544,0.15026390535851525,0.4065502645713882,probability of no sugar-maple seedlings tallied,continuous adjusters at their means; no recorded disturbance or treatment; county random effect set to zero,pointwise Wald 95% confidence interval,curve restricted to the observed minimum through the observed 99th percentile of the cohort-specific sugar-maple exposure
1.2174799728179302,1.2174799728179302,0.7963714037371071,-2.8680732258770636,TRUE,NA,FALSE,Primary established-tree cohort,frame-corrected basal area of live sugar-maple TREE records at least 5 inches DBH,0.257612621717676,0.15043210607037588,0.40477397578022845,probability of no sugar-maple seedlings tallied,continuous adjusters at their means; no recorded disturbance or treatment; county random effect set to zero,pointwise Wald 95% confidence interval,curve restricted to the observed minimum through the observed 99th percentile of the cohort-specific sugar-maple exposure
1.2808465806903142,1.2808465806903142,0.8245466813691588,-2.8389702288605085,TRUE,NA,FALSE,Primary established-tree cohort,frame-corrected basal area of live sugar-maple TREE records at least 5 inches DBH,0.25703445032791805,0.15059859196616407,0.4030036942082953,probability of no sugar-maple seedlings tallied,continuous adjusters at their means; no recorded disturbance or treatment; county random effect set to zero,pointwise Wald 95% confidence interval,curve restricted to the observed minimum through the observed 99th percentile of the cohort-specific sugar-maple exposure
1.3460239498964972,1.3460239498964972,0.8527219590012104,-2.809867231843953,TRUE,NA,FALSE,Primary established-tree cohort,frame-corrected basal area of live sugar-maple TREE records at least 5 inches DBH,0.25645712829348316,0.1507633214287239,0.40123951612432246,probability of no sugar-maple seedlings tallied,continuous adjusters at their means; no recorded disturbance or treatment; county random effect set to zero,pointwise Wald 95% confidence interval,curve restricted to the observed minimum through the observed 99th percentile of the cohort-specific sugar-maple exposure
1.4130638246708336,1.4130638246708336,0.880897236633262,-2.7807642348273975,TRUE,NA,FALSE,Primary established-tree cohort,frame-corrected basal area of live sugar-maple TREE records at least 5 inches DBH,0.2558806563803817,0.1509262519342262,0.3994815382178422,probability of no sugar-maple seedlings tallied,continuous adjusters at their means; no recorded disturbance or treatment; county random effect set to zero,pointwise Wald 95% confidence interval,curve restricted to the observed minimum through the observed 99th percentile of the cohort-specific sugar-maple exposure
1.482019427888589,1.482019427888589,0.9090725142653137,-2.7516612378108425,TRUE,NA,FALSE,Primary established-tree cohort,frame-corrected basal area of live sugar-maple TREE records at least 5 inches DBH,0.25530503534460053,0.151087340033678,0.3977298576124937,probability of no sugar-maple seedlings tallied,continuous adjusters at their means; no recorded disturbance or treatment; county random effect set to zero,pointwise Wald 95% confidence interval,curve restricted to the observed minimum through the observed 99th percentile of the cohort-specific sugar-maple exposure
1.5529455033195163,1.5529455033195163,0.9372477918973653,-2.722558240794287,TRUE,NA,FALSE,Primary established-tree cohort,frame-corrected basal area of live sugar-maple TREE records at least 5 inches DBH,0.2547302659321198,0.15124654133427554,0.39598457187961095,probability of no sugar-maple seedlings tallied,continuous adjusters at their means; no recorded disturbance or treatment; county random effect set to zero,pointwise Wald 95% confidence interval,curve restricted to the observed minimum through the observed 99th percentile of the cohort-specific sugar-maple exposure
1.6258983590888687,1.6258983590888687,0.9654230695294169,-2.6934552437777315,TRUE,NA,FALSE,Primary established-tree cohort,frame-corrected basal area of live sugar-maple TREE records at least 5 inches DBH,0.25415634887893107,0.15140381048062154,0.3942457790520748,probability of no sugar-maple seedlings tallied,continuous adjusters at their means; no recorded disturbance or treatment; county random effect set to zero,pointwise Wald 95% confidence interval,curve restricted to the observed minimum through the observed 99th percentile of the cohort-specific sugar-maple exposure
1.7009359123803514,1.7009359123803514,0.9935983471614686,-2.6643522467611764,TRUE,NA,FALSE,Primary established-tree cohort,frame-corrected basal area of live sugar-maple TREE records at least 5 inches DBH,0.2535832849110544,0.1515591011358275,0.3925135776384036,probability of no sugar-maple seedlings tallied,continuous adjusters at their means; no recorded disturbance or treatment; county random effect set to zero,pointwise Wald 95% confidence interval,curve restricted to the observed minimum through the observed 99th percentile of the cohort-specific sugar-maple exposure
1.7781177354165034,1.7781177354165034,1.02177362479352,-2.635249249744621,TRUE,NA,FALSE,Primary established-tree cohort,frame-corrected basal area of live sugar-maple TREE records at least 5 inches DBH,0.2530110747445568,0.1517123659625258,0.39078806663706245,probability of no sugar-maple seedlings tallied,continuous adjusters at their means; no recorded disturbance or treatment; county random effect set to zero,pointwise Wald 95% confidence interval,curve restricted to the observed minimum through the observed 99th percentile of the cohort-specific sugar-maple exposure
1.8575051027530143,1.8575051027530143,1.0499489024255717,-2.6061462527280654,TRUE,NA,FALSE,Primary established-tree cohort,frame-corrected basal area of live sugar-maple TREE records at least 5 inches DBH,0.25243971908557006,0.15186355660381812,0.3890693455509631,probability of no sugar-maple seedlings tallied,continuous adjusters at their means; no recorded disturbance or treatment; county random effect set to zero,pointwise Wald 95% confidence interval,curve restricted to the observed minimum through the observed 99th percentile of the cohort-specific sugar-maple exposure
1.9391610399245172,1.9391610399245172,1.0781241800576233,-2.5770432557115104,TRUE,NA,FALSE,Primary established-tree cohort,frame-corrected basal area of live sugar-maple TREE records at least 5 inches DBH,0.2518692186303091,0.1520126236641886,0.38735751440212735,probability of no sugar-maple seedlings tallied,continuous adjusters at their means; no recorded disturbance or treatment; county random effect set to zero,pointwise Wald 95% confidence interval,curve restricted to the observed minimum through the observed 99th percentile of the cohort-specific sugar-maple exposure
2.023150373480486,2.023150373480486,1.106299457689675,-2.547940258694955,TRUE,NA,FALSE,Primary established-tree cohort,frame-corrected basal area of live sugar-maple TREE records at least 5 inches DBH,0.25129957406509035,0.15215951669041472,0.38565267374648055,probability of no sugar-maple seedlings tallied,continuous adjusters at their means; no recorded disturbance or treatment; county random effect set to zero,pointwise Wald 95% confidence interval,curve restricted to the observed minimum through the observed 99th percentile of the cohort-specific sugar-maple exposure
2.109539782450953,2.109539782450953,1.1344747353217266,-2.5188372616783994,TRUE,NA,FALSE,Primary established-tree cohort,frame-corrected basal area of live sugar-maple TREE records at least 5 inches DBH,0.2507307860663507,0.1523041841525092,0.38395492468874326,probability of no sugar-maple seedlings tallied,continuous adjusters at their means; no recorded disturbance or treatment; county random effect set to zero,pointwise Wald 95% confidence interval,curve restricted to the observed minimum through the observed 99th percentile of the cohort-specific sugar-maple exposure
2.198397851282913,2.198397851282913,1.1626500129537782,-2.4897342646618443,TRUE,NA,FALSE,Primary established-tree cohort,frame-corrected basal area of live sugar-maple TREE records at least 5 inches DBH,0.25016285530066573,0.15244657342473183,0.38226436889738175,probability of no sugar-maple seedlings tallied,continuous adjusters at their means; no recorded disturbance or treatment; county random effect set to zero,pointwise Wald 95% confidence interval,curve restricted to the observed minimum through the observed 99th percentile of the cohort-specific sugar-maple exposure
2.2897951242894283,2.2897951242894283,1.1908252905858299,-2.460631267645289,TRUE,NA,FALSE,Primary established-tree cohort,frame-corrected basal area of live sugar-maple TREE records at least 5 inches DBH,0.24959578242476935,0.1525866307667117,0.3805811086195777,probability of no sugar-maple seedlings tallied,continuous adjusters at their means; no recorded disturbance or treatment; county random effect set to zero,pointwise Wald 95% confidence interval,curve restricted to the observed minimum through the observed 99th percentile of the cohort-specific sugar-maple exposure
2.383804161654676,2.383804161654676,1.2190005682178815,-2.4315282706287333,TRUE,NA,FALSE,Primary established-tree cohort,frame-corrected basal area of live sugar-maple TREE records at least 5 inches DBH,0.24902956808557256,0.1527243013047239,0.3789052466961727,probability of no sugar-maple seedlings tallied,continuous adjusters at their means; no recorded disturbance or treatment; county random effect set to zero,pointwise Wald 95% confidence interval,curve restricted to the observed minimum through the observed 99th percentile of the cohort-specific sugar-maple exposure
2.4804995970393895,2.4804995970393895,1.2471758458499331,-2.4024252736121783,TRUE,NA,FALSE,Primary established-tree cohort,frame-corrected basal area of live sugar-maple TREE records at least 5 inches DBH,0.248464212920183,0.15285952901317065,0.3772368865765386,probability of no sugar-maple seedlings tallied,continuous adjusters at their means; no recorded disturbance or treatment; county random effect set to zero,pointwise Wald 95% confidence interval,curve restricted to the observed minimum through the observed 99th percentile of the cohort-specific sugar-maple exposure
2.579958196832432,2.579958196832432,1.2753511234819848,-2.373322276595623,TRUE,NA,FALSE,Primary established-tree cohort,frame-corrected basal area of live sugar-maple TREE records at least 5 inches DBH,0.24789971755592413,0.15299225669631586,0.3755761323333237,probability of no sugar-maple seedlings tallied,continuous adjusters at their means; no recorded disturbance or treatment; county random effect set to zero,pointwise Wald 95% confidence interval,curve restricted to the observed minimum through the observed 99th percentile of the cohort-specific sugar-maple exposure
2.6822589210955385,2.6822589210955385,1.3035264011140364,-2.3442192795790673,TRUE,NA,FALSE,Primary established-tree cohort,frame-corrected basal area of live sugar-maple TREE records at least 5 inches DBH,0.24733608261035545,0.15312242597033218,0.37392308867701696,probability of no sugar-maple seedlings tallied,continuous adjusters at their means; no recorded disturbance or treatment; county random effect set to zero,pointwise Wald 95% confidence interval,curve restricted to the observed minimum through the observed 99th percentile of the cohort-specific sugar-maple exposure
2.787482986249613,2.787482986249613,1.331701678746088,-2.3151162825625122,TRUE,NA,FALSE,Primary established-tree cohort,frame-corrected basal area of live sugar-maple TREE records at least 5 inches DBH,0.24677330869129194,0.15324997724571873,0.372277860970271,probability of no sugar-maple seedlings tallied,continuous adjusters at their means; no recorded disturbance or treatment; county random effect set to zero,pointwise Wald 95% confidence interval,curve restricted to the observed minimum through the observed 99th percentile of the cohort-specific sugar-maple exposure
2.895713929552347,2.895713929552347,1.3598769563781397,-2.2860132855459567,TRUE,NA,FALSE,Primary established-tree cohort,frame-corrected basal area of live sugar-maple TREE records at least 5 inches DBH,0.24621139639682413,0.15337484971015547,0.37064055524191886,probability of no sugar-maple seedlings tallied,continuous adjusters at their means; no recorded disturbance or treatment; county random effect set to zero,pointwise Wald 95% confidence interval,curve restricted to the observed minimum through the observed 99th percentile of the cohort-specific sugar-maple exposure
3.007037675418347,3.007037675418347,1.3880522340101913,-2.2569102885294012,TRUE,NA,FALSE,Primary established-tree cohort,frame-corrected basal area of live sugar-maple TREE records at least 5 inches DBH,0.2456503463153384,0.15349698131186354,0.3690112782006151,probability of no sugar-maple seedlings tallied,continuous adjusters at their means; no recorded disturbance or treatment; county random effect set to zero,pointwise Wald 95% confidence interval,curve restricted to the observed minimum through the observed 99th percentile of the cohort-specific sugar-maple exposure
3.121542603634423,3.121542603634423,1.416227511642243,-2.227807291512846,TRUE,NA,FALSE,Primary established-tree cohort,frame-corrected basal area of live sugar-maple TREE records at least 5 inches DBH,0.2450901590255375,0.15361630874354537,0.36739013724802577,probability of no sugar-maple seedlings tallied,continuous adjusters at their means; no recorded disturbance or treatment; county random effect set to zero,pointwise Wald 95% confidence interval,curve restricted to the observed minimum through the observed 99th percentile of the cohort-specific sugar-maple exposure
3.2393196195241947,3.2393196195241947,1.4444027892742946,-2.1987042944962907,TRUE,NA,FALSE,Primary established-tree cohort,frame-corrected basal area of live sugar-maple TREE records at least 5 inches DBH,0.24453083509646045,0.15373276742698538,0.36577724049148835,probability of no sugar-maple seedlings tallied,continuous adjusters at their means; no recorded disturbance or treatment; county random effect set to zero,pointwise Wald 95% confidence interval,curve restricted to the observed minimum through the observed 99th percentile of the cohort-specific sugar-maple exposure
3.3604622261177157,3.3604622261177157,1.4725780669063462,-2.169601297479735,TRUE,NA,FALSE,Primary established-tree cohort,frame-corrected basal area of live sugar-maple TREE records at least 5 inches DBH,0.2439723750875039,0.15384629149839496,0.36417269675605685,probability of no sugar-maple seedlings tallied,continuous adjusters at their means; no recorded disturbance or treatment; county random effect set to zero,pointwise Wald 95% confidence interval,curve restricted to the observed minimum through the observed 99th percentile of the cohort-specific sugar-maple exposure
3.4850665983834177,3.4850665983834177,1.5007533445383978,-2.14049830046318,TRUE,NA,FALSE,Primary established-tree cohort,frame-corrected basal area of live sugar-maple TREE records at least 5 inches DBH,0.24341477954844282,0.15395681379459353,0.3625766155958398,probability of no sugar-maple seedlings tallied,continuous adjusters at their means; no recorded disturbance or treatment; county random effect set to zero,pointwise Wald 95% confidence interval,curve restricted to the observed minimum through the observed 99th percentile of the cohort-specific sugar-maple exposure
3.6132316595813,3.6132316595813,1.5289286221704494,-2.1113953034466246,TRUE,NA,FALSE,Primary established-tree cohort,frame-corrected basal area of live sugar-maple TREE records at least 5 inches DBH,0.24285804901945107,0.15406426584012112,0.3609891073045353,probability of no sugar-maple seedlings tallied,continuous adjusters at their means; no recorded disturbance or treatment; county random effect set to zero,pointwise Wald 95% confidence interval,curve restricted to the observed minimum through the observed 99th percentile of the cohort-specific sugar-maple exposure
3.7450591597979876,3.7450591597979876,1.557103899802501,-2.082292306430069,TRUE,NA,FALSE,Primary established-tree cohort,frame-corrected basal area of live sugar-maple TREE records at least 5 inches DBH,0.24230218403112302,0.15416857783538543,0.35941028292506083,probability of no sugar-maple seedlings tallied,continuous adjusters at their means; no recorded disturbance or treatment; county random effect set to zero,pointwise Wald 95% confidence interval,curve restricted to the observed minimum through the observed 99th percentile of the cohort-specific sugar-maple exposure
3.8806537567259984,3.8806537567259984,1.5852791774345527,-2.053189309413514,TRUE,NA,FALSE,Primary established-tree cohort,frame-corrected basal area of live sugar-maple TREE records at least 5 inches DBH,0.24174718510449475,0.15426967864595198,0.35784025425816784,probability of no sugar-maple seedlings tallied,continuous adjusters at their means; no recorded disturbance or treatment; county random effect set to zero,pointwise Wald 95% confidence interval,curve restricted to the observed minimum through the observed 99th percentile of the cohort-specific sugar-maple exposure
4.020123098751361,4.020123098751361,1.6134544550666043,-2.0240863123969586,TRUE,NA,FALSE,Primary established-tree cohort,frame-corrected basal area of live sugar-maple TREE records at least 5 inches DBH,0.2411930527510653,0.15436749579309195,0.3562791338699258,probability of no sugar-maple seedlings tallied,continuous adjusters at their means; no recorded disturbance or treatment; county random effect set to zero,pointwise Wald 95% confidence interval,curve restricted to the observed minimum through the observed 99th percentile of the cohort-specific sugar-maple exposure
4.163577910415535,4.163577910415535,1.641629732698656,-1.9949833153804033,TRUE,NA,FALSE,Primary established-tree cohort,frame-corrected basal area of live sugar-maple TREE records at least 5 inches DBH,0.2406397874728187,0.15446195544570987,0.35472703509795517,probability of no sugar-maple seedlings tallied,continuous adjusters at their means; no recorded disturbance or treatment; county random effect set to zero,pointwise Wald 95% confidence interval,curve restricted to the observed minimum through the observed 99th percentile of the cohort-specific sugar-maple exposure
4.311132080319495,4.311132080319495,1.6698050103307076,-1.9658803183638478,TRUE,NA,FALSE,Primary established-tree cohort,frame-corrected basal area of live sugar-maple TREE records at least 5 inches DBH,0.24008738976224536,0.15455298241377882,0.35318407205627755,probability of no sugar-maple seedlings tallied,continuous adjusters at their means; no recorded disturbance or treatment; county random effect set to zero,pointwise Wald 95% confidence interval,curve restricted to the observed minimum through the observed 99th percentile of the cohort-specific sugar-maple exposure
4.4629027515397475,4.4629027515397475,1.6979802879627592,-1.9367773213472925,TRUE,NA,FALSE,Primary established-tree cohort,frame-corrected basal area of live sugar-maple TREE records at least 5 inches DBH,0.23953586010236413,0.15464050014341899,0.35165035963865027,probability of no sugar-maple seedlings tallied,continuous adjusters at their means; no recorded disturbance or treatment; county random effect set to zero,pointwise Wald 95% confidence interval,curve restricted to the observed minimum through the observed 99th percentile of the cohort-specific sugar-maple exposure
4.619010414628081,4.619010414628081,1.7261555655948109,-1.9076743243307372,TRUE,NA,FALSE,Primary established-tree cohort,frame-corrected basal area of live sugar-maple TREE records at least 5 inches DBH,0.23898519896674447,0.15472443071376088,0.3501260135202417,probability of no sugar-maple seedlings tallied,continuous adjusters at their means; no recorded disturbance or treatment; county random effect set to zero,pointwise Wald 95% confidence interval,curve restricted to the observed minimum through the observed 99th percentile of the cohort-specific sugar-maple exposure
4.779579003268864,4.779579003268864,1.7543308432268625,-1.8785713273141817,TRUE,NA,FALSE,Primary established-tree cohort,frame-corrected basal area of live sugar-maple TREE records at least 5 inches DBH,0.23843540681952857,0.1548046948357428,0.348611150157496,probability of no sugar-maple seedlings tallied,continuous adjusters at their means; no recorded disturbance or treatment; county random effect set to zero,pointwise Wald 95% confidence interval,curve restricted to the observed minimum through the observed 99th percentile of the cohort-specific sugar-maple exposure
4.944735992669856,4.944735992669856,1.7825061208589141,-1.8494683302976265,TRUE,NA,FALSE,Primary established-tree cohort,frame-corrected basal area of live sugar-maple TREE records at least 5 inches DBH,0.23788648411545374,0.15488121185299866,0.34710588678603377,probability of no sugar-maple seedlings tallied,continuous adjusters at their means; no recorded disturbance or treatment; county random effect set to zero,pointwise Wald 95% confidence interval,curve restricted to the observed minimum through the observed 99th percentile of the cohort-specific sugar-maple exposure
5.1146125007646095,5.1146125007646095,1.8106813984909658,-1.8203653332810712,TRUE,NA,FALSE,Primary established-tree cohort,frame-corrected basal area of live sugar-maple TREE records at least 5 inches DBH,0.23733843129987492,0.15495389974499885,0.3456103414164211,probability of no sugar-maple seedlings tallied,continuous adjusters at their means; no recorded disturbance or treatment; county random effect set to zero,pointwise Wald 95% confidence interval,curve restricted to the observed minimum through the observed 99th percentile of the cohort-specific sugar-maple exposure
5.2893433923068445,5.2893433923068445,1.8388566761230174,-1.7912623362645157,TRUE,NA,FALSE,Primary established-tree cohort,frame-corrected basal area of live sugar-maple TREE records at least 5 inches DBH,0.23679124880878735,0.15502267513261464,0.34412463282763944,probability of no sugar-maple seedlings tallied,continuous adjusters at their means; no recorded disturbance or treatment; county random effect set to zero,pointwise Wald 95% confidence interval,curve restricted to the observed minimum through the observed 99th percentile of the cohort-specific sugar-maple exposure
5.469067385939413,5.469067385939413,1.867031953755069,-1.7621593392479604,TRUE,NA,FALSE,Primary established-tree cohort,frame-corrected basal area of live sugar-maple TREE records at least 5 inches DBH,0.23624493706884928,0.15508745328628326,0.3426488805580761,probability of no sugar-maple seedlings tallied,continuous adjusters at their means; no recorded disturbance or treatment; county random effect set to zero,pointwise Wald 95% confidence interval,curve restricted to the observed minimum through the observed 99th percentile of the cohort-specific sugar-maple exposure
5.653927164322859,5.653927164322859,1.8952072313871207,-1.7330563422314051,TRUE,NA,FALSE,Primary established-tree cohort,frame-corrected basal area of live sugar-maple TREE records at least 5 inches DBH,0.23569949649740518,0.15514814813695693,0.34118320489385223,probability of no sugar-maple seedlings tallied,continuous adjusters at their means; no recorded disturbance or treatment; county random effect set to zero,pointwise Wald 95% confidence interval,curve restricted to the observed minimum through the observed 99th percentile of the cohort-specific sugar-maple exposure
5.8440694874110095,5.8440694874110095,1.9233825090191723,-1.7039533452148496,TRUE,NA,FALSE,Primary established-tree cohort,frame-corrected basal area of live sugar-maple TREE records at least 5 inches DBH,0.23515492750250863,0.15520467229002607,0.3397277268542961,probability of no sugar-maple seedlings tallied,continuous adjusters at their means; no recorded disturbance or treatment; county random effect set to zero,pointwise Wald 95% confidence interval,curve restricted to the observed minimum through the observed 99th percentile of the cohort-specific sugar-maple exposure
6.039645308963528,6.039645308963528,1.951557786651224,-1.6748503481982944,TRUE,NA,FALSE,Primary established-tree cohort,frame-corrected basal area of live sugar-maple TREE records at least 5 inches DBH,0.23461123048294535,0.15525693704241328,0.3382825681743664,probability of no sugar-maple seedlings tallied,continuous adjusters at their means; no recorded disturbance or treatment; county random effect set to zero,pointwise Wald 95% confidence interval,curve restricted to the observed minimum through the observed 99th percentile of the cohort-specific sugar-maple exposure
6.240809896387915,6.240809896387915,1.9797330642832756,-1.645747351181739,TRUE,NA,FALSE,Primary established-tree cohort,frame-corrected basal area of live sugar-maple TREE records at least 5 inches DBH,0.2340684058282569,0.1553048524030399,0.33684785128382005,probability of no sugar-maple seedlings tallied,continuous adjusters at their means; no recorded disturbance or treatment; county random effect set to zero,pointwise Wald 95% confidence interval,curve restricted to the observed minimum through the observed 99th percentile of the cohort-specific sugar-maple exposure
6.447722954006119,6.447722954006119,2.007908341915327,-1.6166443541651836,TRUE,NA,FALSE,Primary established-tree cohort,frame-corrected basal area of live sugar-maple TREE records at least 5 inches DBH,0.23352645391876395,0.15534832711687283,0.3354236992829179,probability of no sugar-maple seedlings tallied,continuous adjusters at their means; no recorded disturbance or treatment; county random effect set to zero,pointwise Wald 95% confidence interval,curve restricted to the observed minimum through the observed 99th percentile of the cohort-specific sugar-maple exposure
6.660548749843604,6.660548749843604,2.036083619547379,-1.5875413571486283,TRUE,NA,FALSE,Primary established-tree cohort,frame-corrected basal area of live sugar-maple TREE records at least 5 inches DBH,0.23298537512559014,0.15538726869276318,0.3340102359144552,probability of no sugar-maple seedlings tallied,continuous adjusters at their means; no recorded disturbance or treatment; county random effect set to zero,pointwise Wald 95% confidence interval,curve restricted to the observed minimum through the observed 99th percentile of the cohort-specific sugar-maple exposure
6.8794562460415305,6.8794562460415305,2.0642588971794305,-1.558438360132073,TRUE,NA,FALSE,Primary established-tree cohort,frame-corrected basal area of live sugar-maple TREE records at least 5 inches DBH,0.23244516981068564,0.15542158343529341,0.33260758553189856,probability of no sugar-maple seedlings tallied,continuous adjusters at their means; no recorded disturbance or treatment; county random effect set to zero,pointwise Wald 95% confidence interval,curve restricted to the observed minimum through the observed 99th percentile of the cohort-specific sugar-maple exposure
7.104619232995604,7.104619232995604,2.092434174811482,-1.5293353631155175,TRUE,NA,FALSE,Primary established-tree cohort,frame-corrected basal area of live sugar-maple TREE records at least 5 inches DBH,0.2319058383268509,0.15545117648085247,0.3312158730634093,probability of no sugar-maple seedlings tallied,continuous adjusters at their means; no recorded disturbance or treatment; county random effect set to zero,pointwise Wald 95% confidence interval,curve restricted to the observed minimum through the observed 99th percentile of the cohort-specific sugar-maple exposure
7.336216467328047,7.336216467328047,2.1206094524435337,-1.5002323660989623,TRUE,NA,FALSE,Primary established-tree cohort,frame-corrected basal area of live sugar-maple TREE records at least 5 inches DBH,0.23136738101776105,0.15547595183815985,0.3298352239715315,probability of no sugar-maple seedlings tallied,continuous adjusters at their means; no recorded disturbance or treatment; county random effect set to zero,pointwise Wald 95% confidence interval,curve restricted to the observed minimum through the observed 99th percentile of the cohort-specific sugar-maple exposure
7.574431813802276,7.574431813802276,2.1487847300755853,-1.471129369082407,TRUE,NA,FALSE,Primary established-tree cohort,frame-corrected basal area of live sugar-maple TREE records at least 5 inches DBH,0.23082979821798982,0.15549581243346303,0.32846576420831863,probability of no sugar-maple seedlings tallied,continuous adjusters at their means; no recorded disturbance or treatment; county random effect set to zero,pointwise Wald 95% confidence interval,curve restricted to the observed minimum through the observed 99th percentile of the cohort-specific sugar-maple exposure
7.819454391292907,7.819454391292907,2.176960007707637,-1.4420263720658515,TRUE,NA,FALSE,Primary established-tree cohort,frame-corrected basal area of live sugar-maple TREE records at least 5 inches DBH,0.23029309025303385,0.15551066016063025,0.32710762016567596,probability of no sugar-maple seedlings tallied,continuous adjusters at their means; no recorded disturbance or treatment; county random effect set to zero,pointwise Wald 95% confidence interval,curve restricted to the observed minimum through the observed 99th percentile of the cohort-specific sugar-maple exposure
8.071478722927003,8.071478722927003,2.2051352853396886,-1.4129233750492962,TRUE,NA,FALSE,Primary established-tree cohort,frame-corrected basal area of live sugar-maple TREE records at least 5 inches DBH,0.22975725743933698,0.15552039593636138,0.32576091862069423,probability of no sugar-maple seedlings tallied,continuous adjusters at their means; no recorded disturbance or treatment; county random effect set to zero,pointwise Wald 95% confidence interval,curve restricted to the observed minimum through the observed 99th percentile of the cohort-specific sugar-maple exposure
8.330704890515749,8.330704890515749,2.2333105629717402,-1.383820378032741,TRUE,NA,FALSE,Primary established-tree cohort,frame-corrected basal area of live sugar-maple TREE records at least 5 inches DBH,0.22922230008431507,0.1555249197607368,0.3244257866757544,probability of no sugar-maple seedlings tallied,continuous adjusters at their means; no recorded disturbance or treatment; county random effect set to zero,pointwise Wald 95% confidence interval,curve restricted to the observed minimum through the observed 99th percentile of the cohort-specific sugar-maple exposure
8.597338693399161,8.597338693399161,2.261485840603792,-1.3547173810161854,TRUE,NA,FALSE,Primary established-tree cohort,frame-corrected basal area of live sugar-maple TREE records at least 5 inches DBH,0.2286882184863803,0.15552413078331842,0.32310235169318713,probability of no sugar-maple seedlings tallied,continuous adjusters at their means; no recorded disturbance or treatment; county random effect set to zero,pointwise Wald 95% confidence interval,curve restricted to the observed minimum through the observed 99th percentile of the cohort-specific sugar-maple exposure
8.871591811829925,8.871591811829925,2.2896611182358435,-1.3256143839996302,TRUE,NA,FALSE,Primary established-tree cohort,frame-corrected basal area of live sugar-maple TREE records at least 5 inches DBH,0.22815501293496626,0.15551792737501388,0.32179074122427653,probability of no sugar-maple seedlings tallied,continuous adjusters at their means; no recorded disturbance or treatment; county random effect set to zero,pointwise Wald 95% confidence interval,curve restricted to the observed minimum through the observed 99th percentile of the cohort-specific sugar-maple exposure
9.153681975026101,9.153681975026101,2.317836395867895,-1.2965113869830749,TRUE,NA,FALSE,Primary established-tree cohort,frame-corrected basal area of live sugar-maple TREE records at least 5 inches DBH,0.22762268371055258,0.15550620720590383,0.32049108293240314,probability of no sugar-maple seedlings tallied,continuous adjusters at their means; no recorded disturbance or treatment; county random effect set to zero,pointwise Wald 95% confidence interval,curve restricted to the observed minimum through the observed 99th percentile of the cohort-specific sugar-maple exposure
9.443833134026084,9.443833134026084,2.3460116734999468,-1.2674083899665194,TRUE,NA,FALSE,Primary established-tree cohort,frame-corrected basal area of live sugar-maple TREE records at least 5 inches DBH,0.22709123108468998,0.15548886732922482,0.31920350451013746,probability of no sugar-maple seedlings tallied,continuous adjusters at their means; no recorded disturbance or treatment; county random effect set to zero,pointwise Wald 95% confidence interval,curve restricted to the observed minimum through the observed 99th percentile of the cohort-specific sugar-maple exposure
9.742275639483058,9.742275639483058,2.3741869511319984,-1.2383053929499641,TRUE,NA,FALSE,Primary established-tree cohort,frame-corrected basal area of live sugar-maple TREE records at least 5 inches DBH,0.22656065532002564,0.15546580427168735,0.31792813359009886,probability of no sugar-maple seedlings tallied,continuous adjusters at their means; no recorded disturbance or treatment; county random effect set to zero,pointwise Wald 95% confidence interval,curve restricted to the observed minimum through the observed 99th percentile of the cohort-specific sugar-maple exposure
10.0492464245401,10.0492464245401,2.40236222876405,-1.2092023959334088,TRUE,NA,FALSE,Primary established-tree cohort,frame-corrected basal area of live sugar-maple TREE records at least 5 inches DBH,0.2260309566703282,0.15543691413029315,0.3166650976494167,probability of no sugar-maple seedlings tallied,continuous adjusters at their means; no recorded disturbance or treatment; county random effect set to zero,pointwise Wald 95% confidence interval,curve restricted to the observed minimum through the observed 99th percentile of the cohort-specific sugar-maple exposure
10.364989192931118,10.364989192931118,2.4305375063961017,-1.1800993989168533,TRUE,NA,FALSE,Primary established-tree cohort,frame-corrected basal area of live sugar-maple TREE records at least 5 inches DBH,0.22550213538051295,0.15540209267580088,0.31541452390764246,probability of no sugar-maple seedlings tallied,continuous adjusters at their means; no recorded disturbance or treatment; county random effect set to zero,pointwise Wald 95% confidence interval,curve restricted to the observed minimum through the observed 99th percentile of the cohort-specific sugar-maple exposure
10.68975461245695,10.68975461245695,2.4587127840281533,-1.150996401900298,TRUE,NA,FALSE,Primary established-tree cohort,frame-corrected basal area of live sugar-maple TREE records at least 5 inches DBH,0.224974191686668,0.15536123546296696,0.31417653921798483,probability of no sugar-maple seedlings tallied,continuous adjusters at their means; no recorded disturbance or treatment; county random effect set to zero,pointwise Wald 95% confidence interval,curve restricted to the observed minimum through the observed 99th percentile of the cohort-specific sugar-maple exposure
11.023800513990228,11.023800513990228,2.486888061660205,-1.1218934048837428,TRUE,NA,FALSE,Primary established-tree cohort,frame-corrected basal area of live sugar-maple TREE records at least 5 inches DBH,0.22444712581607884,0.1553142379476685,0.3129512699517592,probability of no sugar-maple seedlings tallied,continuous adjusters at their means; no recorded disturbance or treatment; county random effect set to zero,pointwise Wald 95% confidence interval,curve restricted to the observed minimum through the observed 99th percentile of the cohort-specific sugar-maple exposure
11.367392096166986,11.367392096166986,2.5150633392922566,-1.0927904078671873,TRUE,NA,FALSE,Primary established-tree cohort,frame-corrected basal area of live sugar-maple TREE records at least 5 inches DBH,0.22392093798725507,0.15526099561098827,0.31173884187597056,probability of no sugar-maple seedlings tallied,continuous adjusters at their means; no recorded disturbance or treatment; county random effect set to zero,pointwise Wald 95% confidence interval,curve restricted to the observed minimum through the observed 99th percentile of the cohort-specific sugar-maple exposure
11.72080213592755,11.72080213592755,2.543238616924308,-1.063687410850632,TRUE,NA,FALSE,Primary established-tree cohort,frame-corrected basal area of live sugar-maple TREE records at least 5 inches DBH,0.22339562840995528,0.15520140409031366,0.31053938002397596,probability of no sugar-maple seedlings tallied,continuous adjusters at their means; no recorded disturbance or treatment; county random effect set to zero,pointwise Wald 95% confidence interval,curve restricted to the observed minimum through the observed 99th percentile of the cohort-specific sugar-maple exposure
12.084311205073803,12.084311205073803,2.57141389455636,-1.0345844138340767,TRUE,NA,FALSE,Primary established-tree cohort,frame-corrected basal area of live sugar-maple TREE records at least 5 inches DBH,0.2228711972852138,0.15513535931747088,0.3093530085592051,probability of no sugar-maple seedlings tallied,continuous adjusters at their means; no recorded disturbance or treatment; county random effect set to zero,pointwise Wald 95% confidence interval,curve restricted to the observed minimum through the observed 99th percentile of the cohort-specific sugar-maple exposure
12.458207893014816,12.458207893014816,2.5995891721884115,-1.0054814168175212,TRUE,NA,FALSE,Primary established-tree cohort,frame-corrected basal area of live sugar-maple TREE records at least 5 inches DBH,0.222347644805366,0.15506275766388028,0.3081798506319488,probability of no sugar-maple seedlings tallied,continuous adjusters at their means; no recorded disturbance or treatment; county random effect set to zero,pointwise Wald 95% confidence interval,curve restricted to the observed minimum through the observed 99th percentile of the cohort-specific sugar-maple exposure
12.842789035877617,12.842789035877617,2.627764449820463,-0.976378419800966,TRUE,NA,FALSE,Primary established-tree cohort,frame-corrected basal area of live sugar-maple TREE records at least 5 inches DBH,0.22182497115407487,0.15498349609268197,0.3070200282292683,probability of no sugar-maple seedlings tallied,continuous adjusters at their means; no recorded disturbance or treatment; county random effect set to zero,pointwise Wald 95% confidence interval,curve restricted to the observed minimum through the observed 99th percentile of the cohort-specific sugar-maple exposure
13.238359952165037,13.238359952165037,2.6559397274525147,-0.9472754227844106,TRUE,NA,FALSE,Primary established-tree cohort,frame-corrected basal area of live sugar-maple TREE records at least 5 inches DBH,0.22130317650635703,0.15489747231774081,0.3058736620181126,probability of no sugar-maple seedlings tallied,continuous adjusters at their means; no recorded disturbance or treatment; county random effect set to zero,pointwise Wald 95% confidence interval,curve restricted to the observed minimum through the observed 99th percentile of the cohort-specific sugar-maple exposure
13.6452346851477,13.6452346851477,2.6841150050845664,-0.9181724257678552,TRUE,NA,FALSE,Primary established-tree cohort,frame-corrected basal area of live sugar-maple TREE records at least 5 inches DBH,0.22078226102860904,0.1548045849693942,0.3047408711817786,probability of no sugar-maple seedlings tallied,continuous adjusters at their means; no recorded disturbance or treatment; county random effect set to zero,pointwise Wald 95% confidence interval,curve restricted to the observed minimum through the observed 99th percentile of the cohort-specific sugar-maple exposure
14.063736252182593,14.063736252182593,2.712290282716618,-0.8890694287512999,TRUE,NA,FALSE,Primary established-tree cohort,frame-corrected basal area of live sugar-maple TREE records at least 5 inches DBH,0.22026222487863406,0.15470473376676355,0.3036217732498939,probability of no sugar-maple seedlings tallied,continuous adjusters at their means; no recorded disturbance or treatment; county random effect set to zero,pointwise Wald 95% confidence interval,curve restricted to the observed minimum through the observed 99th percentile of the cohort-specific sugar-maple exposure
14.49419690115615,14.49419690115615,2.7404655603486696,-0.8599664317347445,TRUE,NA,FALSE,Primary established-tree cohort,frame-corrected basal area of live sugar-maple TREE records at least 5 inches DBH,0.21974306820566816,0.15459781969639708,0.30251648392215036,probability of no sugar-maple seedlings tallied,continuous adjusters at their means; no recorded disturbance or treatment; county random effect set to zero,pointwise Wald 95% confidence interval,curve restricted to the observed minimum through the observed 99th percentile of the cohort-specific sugar-maple exposure
14.936958374255452,14.936958374255452,2.7686408379807212,-0.8308634347181891,TRUE,NA,FALSE,Primary established-tree cohort,frame-corrected basal area of live sugar-maple TREE records at least 5 inches DBH,0.2192247911504069,0.15448374519696367,0.30142511688606866,probability of no sugar-maple seedlings tallied,continuous adjusters at their means; no recorded disturbance or treatment; county random effect set to zero,pointwise Wald 95% confidence interval,curve restricted to the observed minimum through the observed 99th percentile of the cohort-specific sugar-maple exposure
15.392372179276938,15.392372179276938,2.796816115612773,-0.8017604377016339,TRUE,NA,FALSE,Primary established-tree cohort,frame-corrected basal area of live sugar-maple TREE records at least 5 inches DBH,0.21870739384503227,0.15436241434966214,0.3003477836291283,probability of no sugar-maple seedlings tallied,continuous adjusters at their means; no recorded disturbance or treatment; county random effect set to zero,pointwise Wald 95% confidence interval,curve restricted to the observed minimum through the observed 99th percentile of the cohort-specific sugar-maple exposure
15.860799868688005,15.860799868688005,2.8249913932448245,-0.7726574406850785,TRUE,NA,FALSE,Primary established-tree cohort,frame-corrected basal area of live sugar-maple TREE records at least 5 inches DBH,0.21819087641323937,0.15423373307395483,0.29928459324565115,probability of no sugar-maple seedlings tallied,continuous adjusters at their means; no recorded disturbance or treatment; county random effect set to zero,pointwise Wald 95% confidence interval,curve restricted to the observed minimum through the observed 99th percentile of the cohort-specific sugar-maple exposure
16.342613326663088,16.342613326663088,2.853166670876876,-0.7435544436685231,TRUE,NA,FALSE,Primary established-tree cohort,frame-corrected basal area of live sugar-maple TREE records at least 5 inches DBH,0.21767523897026325,0.1540976093281779,0.2982356522388864,probability of no sugar-maple seedlings tallied,continuous adjusters at their means; no recorded disturbance or treatment; county random effect set to zero,pointwise Wald 95% confidence interval,curve restricted to the observed minimum through the observed 99th percentile of the cohort-specific sugar-maple exposure
16.83819506432204,16.83819506432204,2.8813419485089278,-0.7144514466519678,TRUE,NA,FALSE,Primary established-tree cohort,frame-corrected basal area of live sugar-maple TREE records at least 5 inches DBH,0.21716048162290613,0.15395395331452277,0.2972010643187982,probability of no sugar-maple seedlings tallied,continuous adjusters at their means; no recorded disturbance or treatment; county random effect set to zero,pointwise Wald 95% confidence interval,curve restricted to the observed minimum through the observed 99th percentile of the cohort-specific sugar-maple exposure
17.34793852340527,17.34793852340527,2.9095172261409794,-0.6853484496354124,TRUE,NA,FALSE,Primary established-tree cohort,frame-corrected basal area of live sugar-maple TREE records at least 5 inches DBH,0.2166466044695643,0.1538026776878243,0.29618093019612296,probability of no sugar-maple seedlings tallied,continuous adjusters at their means; no recorded disturbance or treatment; county random effect set to zero,pointwise Wald 95% confidence interval,curve restricted to the observed minimum through the observed 99th percentile of the cohort-specific sugar-maple exposure
17.872248388626627,17.872248388626627,2.937692503773031,-0.656245452618857,TRUE,NA,FALSE,Primary established-tree cohort,frame-corrected basal area of live sugar-maple TREE records at least 5 inches DBH,0.2161336076002553,0.15364369776753234,0.295175347373313,probability of no sugar-maple seedlings tallied,continuous adjusters at their means; no recorded disturbance or treatment; county random effect set to zero,pointwise Wald 95% confidence interval,curve restricted to the observed minimum through the observed 99th percentile of the cohort-specific sugar-maple exposure
18.41154090895214,18.41154090895214,2.9658677814050827,-0.6271424556023018,TRUE,NA,FALSE,Primary established-tree cohort,frame-corrected basal area of live sugar-maple TREE records at least 5 inches DBH,0.21562149109664544,0.15347693175218696,0.29418440993304984,probability of no sugar-maple seedlings tallied,continuous adjusters at their means; no recorded disturbance or treatment; county random effect set to zero,pointwise Wald 95% confidence interval,curve restricted to the observed minimum through the observed 99th percentile of the cohort-specific sugar-maple exposure
18.966244228059548,18.966244228059548,2.9940430590371343,-0.5980394585857464,TRUE,NA,FALSE,Primary established-tree cohort,frame-corrected basal area of live sugar-maple TREE records at least 5 inches DBH,0.21511025503207687,0.15330230093565866,0.2932082083250594,probability of no sugar-maple seedlings tallied,continuous adjusters at their means; no recorded disturbance or treatment; county random effect set to zero,pointwise Wald 95% confidence interval,curve restricted to the observed minimum through the observed 99th percentile of the cohort-specific sugar-maple exposure
19.53679872424105,19.53679872424105,3.022218336669186,-0.568936461569191,TRUE,NA,FALSE,Primary established-tree cohort,frame-corrected basal area of live sugar-maple TREE records at least 5 inches DBH,0.21459989947159508,0.15311972992436293,0.2922468291520222,probability of no sugar-maple seedlings tallied,continuous adjusters at their means; no recorded disturbance or treatment; county random effect set to zero,pointwise Wald 95% confidence interval,curve restricted to the observed minimum through the observed 99th percentile of the cohort-specific sugar-maple exposure
20.12365736001909,20.12365736001909,3.0503936143012376,-0.5398334645526357,TRUE,NA,FALSE,Primary established-tree cohort,frame-corrected basal area of live sugar-maple TREE records at least 5 inches DBH,0.21409042447197668,0.1529291468546037,0.2913003549554198,probability of no sugar-maple seedlings tallied,continuous adjusters at their means; no recorded disturbance or treatment; county random effect set to zero,pointwise Wald 95% confidence interval,curve restricted to the observed minimum through the observed 99th percentile of the cohort-specific sugar-maple exposure
20.727286041752773,20.727286041752773,3.078568891933289,-0.5107304675360803,TRUE,NA,FALSE,Primary established-tree cohort,frame-corrected basal area of live sugar-maple TREE records at least 5 inches DBH,0.2135818300817566,0.1527304836091552,0.29036886400220724,probability of no sugar-maple seedlings tallied,continuous adjusters at their means; no recorded disturbance or treatment; county random effect set to zero,pointwise Wald 95% confidence interval,curve restricted to the observed minimum through the observed 99th percentile of the cohort-specific sugar-maple exposure
21.348163989520337,21.348163989520337,3.106744169565341,-0.481627470519525,TRUE,NA,FALSE,Primary established-tree cohort,frame-corrected basal area of live sugar-maple TREE records at least 5 inches DBH,0.21307411634125634,0.1525236760321437,0.28945243007324883,probability of no sugar-maple seedlings tallied,continuous adjusters at their means; no recorded disturbance or treatment; county random effect set to zero,pointwise Wald 95% confidence interval,curve restricted to the observed minimum through the observed 99th percentile of the cohort-specific sugar-maple exposure
21.986784117571407,21.986784117571407,3.1349194471973925,-0.4525244735029696,TRUE,NA,FALSE,Primary established-tree cohort,frame-corrected basal area of live sugar-maple TREE records at least 5 inches DBH,0.2125672832826111,0.15230866414125527,0.2885511222544888,probability of no sugar-maple seedlings tallied,continuous adjusters at their means; no recorded disturbance or treatment; county random effect set to zero,pointwise Wald 95% confidence interval,curve restricted to the observed minimum through the observed 99th percentile of the cohort-specific sugar-maple exposure
22.64365342565101,22.64365342565101,3.163094724829444,-0.42342147648641426,TRUE,NA,FALSE,Primary established-tree cohort,frame-corrected basal area of live sugar-maple TREE records at least 5 inches DBH,0.21206133092979812,0.15208539233625956,0.28766500473186546,probability of no sugar-maple seedlings tallied,continuous adjusters at their means; no recorded disturbance or treatment; county random effect set to zero,pointwise Wald 95% confidence interval,curve restricted to the observed minimum through the observed 99th percentile of the cohort-specific sugar-maple exposure
23.319293401506066,23.319293401506066,3.1912700024614957,-0.39431847946985893,TRUE,NA,FALSE,Primary established-tree cohort,frame-corrected basal area of live sugar-maple TREE records at least 5 inches DBH,0.21155625929866445,0.15185380960281442,0.2867941365910027,probability of no sugar-maple seedlings tallied,continuous adjusters at their means; no recorded disturbance or treatment; county random effect set to zero,pointwise Wald 95% confidence interval,curve restricted to the observed minimum through the observed 99th percentile of the cohort-specific sugar-maple exposure
24.01424043489387,24.01424043489387,3.2194452800935474,-0.36521548245330354,TRUE,NA,FALSE,Primary established-tree cohort,frame-corrected basal area of live sugar-maple TREE records at least 5 inches DBH,0.211052068396955,0.15161386971049606,0.28593857162273256,probability of no sugar-maple seedlings tallied,continuous adjusters at their means; no recorded disturbance or treatment; county random effect set to zero,pointwise Wald 95% confidence interval,curve restricted to the observed minimum through the observed 99th percentile of the cohort-specific sugar-maple exposure
24.72904624342128,24.72904624342128,3.247620557725599,-0.3361124854367482,TRUE,NA,FALSE,Primary established-tree cohort,frame-corrected basal area of live sugar-maple TREE records at least 5 inches DBH,0.21054875822434063,0.15136553140398867,0.2850983581355128,probability of no sugar-maple seedlings tallied,continuous adjusters at their means; no recorded disturbance or treatment; county random effect set to zero,pointwise Wald 95% confidence interval,curve restricted to the observed minimum through the observed 99th percentile of the cohort-specific sugar-maple exposure
25.464278310552636,25.464278310552636,3.2757958353576506,-0.3070094884201929,TRUE,NA,FALSE,Primary established-tree cohort,frame-corrected basal area of live sugar-maple TREE records at least 5 inches DBH,0.21004632877244614,0.1511087585863627,0.2842735387758088,probability of no sugar-maple seedlings tallied,continuous adjusters at their means; no recorded disturbance or treatment; county random effect set to zero,pointwise Wald 95% confidence interval,curve restricted to the observed minimum through the observed 99th percentile of the cohort-specific sugar-maple exposure
26.22052033613422,26.22052033613422,3.3039711129897023,-0.2779064914036375,TRUE,NA,FALSE,Primary established-tree cohort,frame-corrected basal area of live sugar-maple TREE records at least 5 inches DBH,0.20954478002487884,0.15084352049338007,0.28346415035750105,probability of no sugar-maple seedlings tallied,continuous adjusters at their means; no recorded disturbance or treatment; county random effect set to zero,pointwise Wald 95% confidence interval,curve restricted to the observed minimum through the observed 99th percentile of the cohort-specific sugar-maple exposure
26.99837269979284,26.99837269979284,3.332146390621754,-0.24880349438708216,TRUE,NA,FALSE,Primary established-tree cohort,frame-corrected basal area of live sugar-maple TREE records at least 5 inches DBH,0.2090441119572565,0.15056979185777647,0.2826702237013649,probability of no sugar-maple seedlings tallied,continuous adjusters at their means; no recorded disturbance or treatment; county random effect set to zero,pointwise Wald 95% confidence interval,curve restricted to the observed minimum through the observed 99th percentile of the cohort-specific sugar-maple exposure
27.79845293757648,27.79845293757648,3.3603216682538055,-0.2197004973705268,TRUE,NA,FALSE,Primary established-tree cohort,frame-corrected basal area of live sugar-maple TREE records at least 5 inches DBH,0.20854432453723606,0.15028755306249905,0.28189178348564375,probability of no sugar-maple seedlings tallied,continuous adjusters at their means; no recorded disturbance or treatment; county random effect set to zero,pointwise Wald 95% confidence interval,curve restricted to the observed minimum through the observed 99th percentile of the cohort-specific sugar-maple exposure
28.62139623221545,28.62139623221545,3.388496945885857,-0.19059750035397144,TRUE,NA,FALSE,Primary established-tree cohort,frame-corrected basal area of live sugar-maple TREE records at least 5 inches DBH,0.2080454177245419,0.1499967902819113,0.2811288481087015,probability of no sugar-maple seedlings tallied,continuous adjusters at their means; no recorded disturbance or treatment; county random effect set to zero,pointwise Wald 95% confidence interval,curve restricted to the observed minimum through the observed 99th percentile of the cohort-specific sugar-maple exposure
29.467855917393145,29.467855917393145,3.416672223517909,-0.1614945033374161,TRUE,NA,FALSE,Primary established-tree cohort,frame-corrected basal area of live sugar-maple TREE records at least 5 inches DBH,0.20754739147099438,0.14969749561002227,0.2803814295646969,probability of no sugar-maple seedlings tallied,continuous adjusters at their means; no recorded disturbance or treatment; county random effect set to zero,pointwise Wald 95% confidence interval,curve restricted to the observed minimum through the observed 99th percentile of the cohort-specific sugar-maple exposure
30.338503996426894,30.338503996426894,3.4448475011499604,-0.13239150632086075,TRUE,NA,FALSE,Primary established-tree cohort,frame-corrected basal area of live sugar-maple TREE records at least 5 inches DBH,0.2070502457205382,0.14938966717485264,0.2796495333331639,probability of no sugar-maple seedlings tallied,continuous adjusters at their means; no recorded disturbance or treatment; county random effect set to zero,pointwise Wald 95% confidence interval,curve restricted to the observed minimum through the observed 99th percentile of the cohort-specific sugar-maple exposure
31.234031675770574,31.234031675770574,3.473022778782012,-0.1032885093043054,TRUE,NA,FALSE,Primary established-tree cohort,frame-corrected basal area of live sugar-maple TREE records at least 5 inches DBH,0.20655398040927156,0.14907330923811354,0.2789331582833221,probability of no sugar-maple seedlings tallied,continuous adjusters at their means; no recorded disturbance or treatment; county random effect set to zero,pointwise Wald 95% confidence interval,curve restricted to the observed minimum through the observed 99th percentile of the cohort-specific sugar-maple exposure
32.15514991376256,32.15514991376256,3.5011980564140637,-0.07418551228775004,TRUE,NA,FALSE,Primary established-tree cohort,frame-corrected basal area of live sugar-maple TREE records at least 5 inches DBH,0.2060585954654745,0.14874843227944903,0.27823229659386434,probability of no sugar-maple seedlings tallied,continuous adjusters at their means; no recorded disturbance or treatment; county random effect set to zero,pointwise Wald 95% confidence interval,curve restricted to the observed minimum through the observed 99th percentile of the cohort-specific sugar-maple exposure
33.10258998505469,33.10258998505469,3.5293733340461153,-0.045082515271194695,TRUE,NA,FALSE,Primary established-tree cohort,frame-corrected basal area of live sugar-maple TREE records at least 5 inches DBH,0.2055640908096377,0.14841505306457314,0.27754693368888855,probability of no sugar-maple seedlings tallied,continuous adjusters at their means; no recorded disturbance or treatment; county random effect set to zero,pointwise Wald 95% confidence interval,curve restricted to the observed minimum through the observed 99th percentile of the cohort-specific sugar-maple exposure
34.07710406117035,34.07710406117035,3.557548611678167,-0.015979518254639342,TRUE,NA,FALSE,Primary established-tree cohort,frame-corrected basal area of live sugar-maple TREE records at least 5 inches DBH,0.20507046635449142,0.14807319469672503,0.2768770481905492,probability of no sugar-maple seedlings tallied,continuous adjusters at their means; no recorded disturbance or treatment; county random effect set to zero,pointwise Wald 95% confidence interval,curve restricted to the observed minimum through the observed 99th percentile of the cohort-specific sugar-maple exposure
35.07946580765251,35.07946580765251,3.5857238893102186,0.01312347876191601,TRUE,NA,FALSE,Primary established-tree cohort,frame-corrected basal area of live sugar-maple TREE records at least 5 inches DBH,0.2045777220050343,0.14772288665096064,0.27622261188890884,probability of no sugar-maple seedlings tallied,continuous adjusters at their means; no recorded disturbance or treatment; county random effect set to zero,pointwise Wald 95% confidence interval,curve restricted to the observed minimum through the observed 99th percentile of the cohort-specific sugar-maple exposure
36.11047099827586,36.11047099827586,3.61389916694227,0.04222647577847136,TRUE,NA,FALSE,Primary established-tree cohort,frame-corrected basal area of live sugar-maple TREE records at least 5 inches DBH,0.2040858576585624,0.14736416479090358,0.27558358972936453,probability of no sugar-maple seedlings tallied,continuous adjusters at their means; no recorded disturbance or treatment; county random effect set to zero,pointwise Wald 95% confidence interval,curve restricted to the observed minimum through the observed 99th percentile of the cohort-specific sugar-maple exposure
37.17093814681065,37.17093814681065,3.642074444574322,0.07132947279502672,TRUE,NA,FALSE,Primary established-tree cohort,frame-corrected basal area of live sugar-maple TREE records at least 5 inches DBH,0.2035948732046983,0.14699707136768578,0.27495993981791844,probability of no sugar-maple seedlings tallied,continuous adjusters at their means; no recorded disturbance or treatment; county random effect set to zero,pointwise Wald 95% confidence interval,curve restricted to the observed minimum through the observed 99th percentile of the cohort-specific sugar-maple exposure
38.26170915683977,38.26170915683977,3.6702497222063735,0.10043246981158206,TRUE,NA,FALSE,Primary established-tree cohort,frame-corrected basal area of live sugar-maple TREE records at least 5 inches DBH,0.2031047685254198,0.14662165500092064,0.2743516134444465,probability of no sugar-maple seedlings tallied,continuous adjusters at their means; no recorded disturbance or treatment; county random effect set to zero,pointwise Wald 95% confidence interval,curve restricted to the observed minimum through the observed 99th percentile of the cohort-specific sugar-maple exposure
39.383649990145024,39.383649990145024,3.698424999838425,0.1295354668281374,TRUE,NA,FALSE,Primary established-tree cohort,frame-corrected basal area of live sugar-maple TREE records at least 5 inches DBH,0.20261554349508956,0.14623797064166558,0.27375855512400904,probability of no sugar-maple seedlings tallied,continuous adjusters at their means; no recorded disturbance or treatment; county random effect set to zero,pointwise Wald 95% confidence interval,curve restricted to the observed minimum through the observed 99th percentile of the cohort-specific sugar-maple exposure
40.53765135419307,40.53765135419307,3.7266002774704767,0.15863846384469277,TRUE,NA,FALSE,Primary established-tree cohort,frame-corrected basal area of live sugar-maple TREE records at least 5 inches DBH,0.2021271979804839,0.1458460795174472,0.27318070265612704,probability of no sugar-maple seedlings tallied,continuous adjusters at their means; no recorded disturbance or treatment; county random effect set to zero,pointwise Wald 95% confidence interval,curve restricted to the observed minimum through the observed 99th percentile of the cohort-specific sugar-maple exposure
41.72462940926707,41.72462940926707,3.7547755551025284,0.18774146086124813,TRUE,NA,FALSE,Primary established-tree cohort,frame-corrected basal area of live sugar-maple TREE records at least 5 inches DBH,0.2016397318408221,0.14544604905953823,0.27261798720183406,probability of no sugar-maple seedlings tallied,continuous adjusters at their means; no recorded disturbance or treatment; county random effect set to zero,pointwise Wald 95% confidence interval,curve restricted to the observed minimum through the observed 99th percentile of the cohort-specific sugar-maple exposure
42.94552649580515,42.94552649580515,3.78295083273458,0.21684445787780346,TRUE,NA,FALSE,Primary established-tree cohort,frame-corrected basal area of live sugar-maple TREE records at least 5 inches DBH,0.20115314492779587,0.14503795281278867,0.2720703333781997,probability of no sugar-maple seedlings tallied,continuous adjusters at their means; no recorded disturbance or treatment; county random effect set to zero,pointwise Wald 95% confidence interval,curve restricted to the observed minimum through the observed 99th percentile of the cohort-specific sugar-maple exposure
44.201311882523406,44.201311882523406,3.8111261103666316,0.24594745489435882,TRUE,NA,FALSE,Primary established-tree cohort,frame-corrected basal area of live sugar-maple TREE records at least 5 inches DBH,0.20066743708559853,0.14462187032842708,0.27153765936990787,probability of no sugar-maple seedlings tallied,continuous adjusters at their means; no recorded disturbance or treatment; county random effect set to zero,pointwise Wald 95% confidence interval,curve restricted to the observed minimum through the observed 99th percentile of the cohort-specific sugar-maple exposure
45.49298253591711,45.49298253591711,3.8393013879986833,0.27505045191091415,TRUE,NA,FALSE,Primary established-tree cohort,frame-corrected basal area of live sugar-maple TREE records at least 5 inches DBH,0.20018260815095434,0.14419788704035402,0.2710198770573653,probability of no sugar-maple seedlings tallied,continuous adjusters at their means; no recorded disturbance or treatment; county random effect set to zero,pointwise Wald 95% confidence interval,curve restricted to the observed minimum through the observed 99th percentile of the cohort-specific sugar-maple exposure
46.821563911751234,46.821563911751234,3.867476665630735,0.30415344892746954,TRUE,NA,FALSE,Primary established-tree cohort,frame-corrected basal area of live sugar-maple TREE records at least 5 inches DBH,0.1996986579531481,0.14376609412555344,0.2705168921607147,probability of no sugar-maple seedlings tallied,continuous adjusters at their means; no recorded disturbance or treatment; county random effect set to zero,pointwise Wald 95% confidence interval,curve restricted to the observed minimum through the observed 99th percentile of the cohort-specific sugar-maple exposure
48.18811076916851,48.18811076916851,3.8956519432627865,0.33325644594402487,TRUE,NA,FALSE,Primary established-tree cohort,frame-corrected basal area of live sugar-maple TREE records at least 5 inches DBH,0.19921558631405453,0.14332658834934298,0.2700286043990286,probability of no sugar-maple seedlings tallied,continuous adjusters at their means; no recorded disturbance or treatment; county random effect set to zero,pointwise Wald 95% confidence interval,curve restricted to the observed minimum through the observed 99th percentile of the cohort-specific sugar-maple exposure
49.593708008061455,49.593708008061455,3.923827220894838,0.3623594429605802,TRUE,NA,FALSE,Primary established-tree cohort,frame-corrected basal area of live sugar-maple TREE records at least 5 inches DBH,0.19873339304816784,0.14287947189627326,0.26955490766387347,probability of no sugar-maple seedlings tallied,continuous adjusters at their means; no recorded disturbance or treatment; county random effect set to zero,pointwise Wald 95% confidence interval,curve restricted to the observed minimum through the observed 99th percentile of the cohort-specific sugar-maple exposure
51.03947153037308,51.03947153037308,3.95200249852689,0.3914624399771356,TRUE,NA,FALSE,Primary established-tree cohort,frame-corrected basal area of live sugar-maple TREE records at least 5 inches DBH,0.19825207796263122,0.1424248521875676,0.2690956902063511,probability of no sugar-maple seedlings tallied,continuous adjusters at their means; no recorded disturbance or treatment; county random effect set to zero,pointwise Wald 95% confidence interval,curve restricted to the observed minimum through the observed 99th percentile of the cohort-specific sugar-maple exposure
52.52654912601006,52.52654912601006,3.9801777761589414,0.4205654369936909,TRUE,NA,FALSE,Primary established-tree cohort,frame-corrected basal area of live sugar-maple TREE records at least 5 inches DBH,0.1977716408572666,0.14196284168606343,0.2686508348366545,probability of no sugar-maple seedlings tallied,continuous adjusters at their means; no recorded disturbance or treatment; county random effect set to zero,pointwise Wald 95% confidence interval,curve restricted to the observed minimum through the observed 99th percentile of the cohort-specific sugar-maple exposure
54.05612138407181,54.05612138407181,4.0083530537909935,0.44966843401024675,TRUE,NA,FALSE,Primary established-tree cohort,frame-corrected basal area of live sugar-maple TREE records at least 5 inches DBH,0.1972920815246041,0.1414935576896803,0.268220219135112,probability of no sugar-maple seedlings tallied,continuous adjusters at their means; no recorded disturbance or treatment; county random effect set to zero,pointwise Wald 95% confidence interval,curve restricted to the observed minimum through the observed 99th percentile of the cohort-specific sugar-maple exposure
55.629402630118626,55.629402630118626,4.036528331423045,0.4787714310268021,TRUE,NA,FALSE,Primary established-tree cohort,frame-corrected basal area of live sugar-maple TREE records at least 5 inches DBH,0.19681339974991197,0.14101712211448947,0.2678037156736446,probability of no sugar-maple seedlings tallied,continuous adjusters at their means; no recorded disturbance or treatment; county random effect set to zero,pointwise Wald 95% confidence interval,curve restricted to the observed minimum through the observed 99th percentile of the cohort-specific sugar-maple exposure
57.24764189022342,57.24764189022342,4.064703609055097,0.5078744280433575,TRUE,NA,FALSE,Primary established-tree cohort,frame-corrected basal area of live sugar-maple TREE records at least 5 inches DBH,0.19633559531122619,0.14053366126850267,0.2674011922465142,probability of no sugar-maple seedlings tallied,continuous adjusters at their means; no recorded disturbance or treatment; county random effect set to zero,pointwise Wald 95% confidence interval,curve restricted to the observed minimum through the observed 99th percentile of the cohort-specific sugar-maple exposure
58.9121238825719,58.9121238825719,4.092878886687148,0.5369774250599127,TRUE,NA,FALSE,Primary established-tree cohort,frame-corrected basal area of live sugar-maple TREE records at least 5 inches DBH,0.19585866797938012,0.14004330561732717,0.2670125121092193,probability of no sugar-maple seedlings tallied,continuous adjusters at their means; no recorded disturbance or treatment; county random effect set to zero,pointwise Wald 95% confidence interval,curve restricted to the observed minimum through the observed 99th percentile of the cohort-specific sugar-maple exposure
60.62417003739881,60.62417003739881,4.1210541643192,0.5660804220764681,TRUE,NA,FALSE,Primary established-tree cohort,frame-corrected basal area of live sugar-maple TREE records at least 5 inches DBH,0.1953826175180347,0.13954618954285578,0.26663753422436404,probability of no sugar-maple seedlings tallied,continuous adjusters at their means; no recorded disturbance or treatment; county random effect set to zero,pointwise Wald 95% confidence interval,curve restricted to the observed minimum through the observed 99th percentile of the cohort-specific sugar-maple exposure
62.38513954606981,62.38513954606981,4.149229441951252,0.5951834190930235,TRUE,NA,FALSE,Primary established-tree cohort,frame-corrected basal area of live sugar-maple TREE records at least 5 inches DBH,0.1949074436837079,0.13904245109616784,0.2662761135133254,probability of no sugar-maple seedlings tallied,continuous adjusters at their means; no recorded disturbance or treatment; county random effect set to zero,pointwise Wald 95% confidence interval,curve restricted to the observed minimum through the observed 99th percentile of the cohort-specific sugar-maple exposure
64.19643044014181,64.19643044014181,4.177404719583303,0.6242864161095788,TRUE,NA,FALSE,Primary established-tree cohort,frame-corrected basal area of live sugar-maple TREE records at least 5 inches DBH,0.19443314622580474,0.13853223174581938,0.2659281011125388,probability of no sugar-maple seedlings tallied,continuous adjusters at their means; no recorded disturbance or treatment; county random effect set to zero,pointwise Wald 95% confidence interval,curve restricted to the observed minimum through the observed 99th percentile of the cohort-specific sugar-maple exposure
66.05948070125856,66.05948070125856,4.205579997215355,0.6533894131261342,TRUE,NA,FALSE,Primary established-tree cohort,frame-corrected basal area of live sugar-maple TREE records at least 5 inches DBH,0.19395972488664737,0.13801567612268847,0.26559334463323436,probability of no sugar-maple seedlings tallied,continuous adjusters at their means; no recorded disturbance or treatment; county random effect set to zero,pointwise Wald 95% confidence interval,curve restricted to the observed minimum through the observed 99th percentile of the cohort-specific sugar-maple exposure
67.97576940276255,67.97576940276255,4.2337552748474065,0.6824924101426896,TRUE,NA,FALSE,Primary established-tree cohort,frame-corrected basal area of live sugar-maple TREE records at least 5 inches DBH,0.19348717940150478,0.13749293176252306,0.26527168842347637,probability of no sugar-maple seedlings tallied,continuous adjusters at their means; no recorded disturbance or treatment; county random effect set to zero,pointwise Wald 95% confidence interval,curve restricted to the observed minimum through the observed 99th percentile of the cohort-specific sugar-maple exposure
69.94681788392947,69.94681788392947,4.261930552479458,0.7115954071592449,TRUE,NA,FALSE,Primary established-tree cohort,frame-corrected basal area of live sugar-maple TREE records at least 5 inches DBH,0.19301550949862287,0.1369641488473102,0.2649629738313845,probability of no sugar-maple seedlings tallied,continuous adjusters at their means; no recorded disturbance or treatment; county random effect set to zero,pointwise Wald 95% confidence interval,curve restricted to the observed minimum through the observed 99th percentile of the cohort-specific sugar-maple exposure
71.97419095775768,71.97419095775768,4.29010583011151,0.7406984041758002,TRUE,NA,FALSE,Primary established-tree cohort,frame-corrected basal area of live sugar-maple TREE records at least 5 inches DBH,0.1925447148992546,0.13642947994655105,0.26466703946845316,probability of no sugar-maple seedlings tallied,continuous adjusters at their means; no recorded disturbance or treatment; county random effect set to zero,pointwise Wald 95% confidence interval,curve restricted to the observed minimum through the observed 99th percentile of the cohort-specific sugar-maple exposure
74.05949815327136,74.05949815327136,4.3182811077435614,0.7698014011923556,TRUE,NA,FALSE,Primary established-tree cohort,frame-corrected basal area of live sugar-maple TREE records at least 5 inches DBH,0.19207479531768992,0.13588907975948034,0.26438372147192646,probability of no sugar-maple seedlings tallied,continuous adjusters at their means; no recorded disturbance or treatment; county random effect set to zero,pointwise Wald 95% confidence interval,curve restricted to the observed minimum through the observed 99th percentile of the cohort-specific sugar-maple exposure
76.2043949933236,76.2043949933236,4.346456385375613,0.7989043982089109,TRUE,NA,FALSE,Primary established-tree cohort,frame-corrected basal area of live sugar-maple TREE records at least 5 inches DBH,0.19160575046128575,0.135343104859223,0.2641128537652378,probability of no sugar-maple seedlings tallied,continuous adjusters at their means; no recorded disturbance or treatment; county random effect set to zero,pointwise Wald 95% confidence interval,curve restricted to the observed minimum through the observed 99th percentile of the cohort-specific sugar-maple exposure
78.41058430891398,78.41058430891398,4.374631663007665,0.8280073952254663,TRUE,NA,FALSE,Primary established-tree cohort,frame-corrected basal area of live sugar-maple TREE records at least 5 inches DBH,0.1911375800304962,0.13479171343982368,0.26385426831557585,probability of no sugar-maple seedlings tallied,continuous adjusters at their means; no recorded disturbance or treatment; county random effect set to zero,pointwise Wald 95% confidence interval,curve restricted to the observed minimum through the observed 99th percentile of the cohort-specific sugar-maple exposure
80.67981759106414,80.67981759106414,4.402806940639716,0.8571103922420217,TRUE,NA,FALSE,Primary established-tree cohort,frame-corrected basal area of live sugar-maple TREE records at least 5 inches DBH,0.19067028371890277,0.13423506506702718,0.2636077953876974,probability of no sugar-maple seedlings tallied,continuous adjusters at their means; no recorded disturbance or treatment; county random effect set to zero,pointwise Wald 95% confidence interval,curve restricted to the observed minimum through the observed 99th percentile of the cohort-specific sugar-maple exposure
83.0138963813242,83.0138963813242,4.430982218271768,0.8862133892585771,TRUE,NA,FALSE,Primary established-tree cohort,frame-corrected basal area of live sugar-maple TREE records at least 5 inches DBH,0.19020386121324434,0.1336733204336234,0.2633732637931734,probability of no sugar-maple seedlings tallied,continuous adjusters at their means; no recorded disturbance or treatment; county random effect set to zero,pointwise Wald 95% confidence interval,curve restricted to the observed minimum through the observed 99th percentile of the cohort-specific sugar-maple exposure
85.41467370201461,85.41467370201461,4.45915749590382,0.9153163862751323,TRUE,NA,FALSE,Primary established-tree cohort,frame-corrected basal area of live sugar-maple TREE records at least 5 inches DBH,0.1897383121934474,0.13310664112010775,0.2631505011343159,probability of no sugar-maple seedlings tallied,continuous adjusters at their means; no recorded disturbance or treatment; county random effect set to zero,pointwise Wald 95% confidence interval,curve restricted to the observed minimum through the observed 99th percentile of the cohort-specific sugar-maple exposure
87.88405552733818,87.88405552733818,4.487332773535871,0.9444193832916877,TRUE,NA,FALSE,Primary established-tree cohort,frame-corrected basal area of live sugar-maple TREE records at least 5 inches DBH,0.18927363633265634,0.13253518936133718,0.2629393340421043,probability of no sugar-maple seedlings tallied,continuous adjusters at their means; no recorded disturbance or treatment; county random effect set to zero,pointwise Wald 95% confidence interval,curve restricted to the observed minimum through the observed 99th percentile of the cohort-specific sugar-maple exposure
90.42400229653072,90.42400229653072,4.515508051167923,0.9735223803082431,TRUE,NA,FALSE,Primary established-tree cohort,frame-corrected basal area of live sugar-maple TREE records at least 5 inches DBH,0.18880983329726353,0.13195912781979577,0.26273958840749667,probability of no sugar-maple seedlings tallied,continuous adjusters at their means; no recorded disturbance or treatment; county random effect set to zero,pointwise Wald 95% confidence interval,curve restricted to the observed minimum through the observed 99th percentile of the cohort-specific sugar-maple exposure
93.03653047025138,93.03653047025138,4.5436833287999745,1.0026253773247984,TRUE,NA,FALSE,Primary established-tree cohort,frame-corrected basal area of live sugar-maple TREE records at least 5 inches DBH,0.18834690274693966,0.13137861936601394,0.26255108960558043,probability of no sugar-maple seedlings tallied,continuous adjusters at their means; no recorded disturbance or treatment; county random effect set to zero,pointwise Wald 95% confidence interval,curve restricted to the observed minimum through the observed 99th percentile of the cohort-specific sugar-maple exposure
95.72371413144839,95.72371413144839,4.571858606432026,1.0317283743413537,TRUE,NA,FALSE,Primary established-tree cohort,frame-corrected basal area of live sugar-maple TREE records at least 5 inches DBH,0.18788484433466396,0.13079382686661709,0.26237366271208623,probability of no sugar-maple seedlings tallied,continuous adjusters at their means; no recorded disturbance or treatment; county random effect set to zero,pointwise Wald 95% confidence interval,curve restricted to the observed minimum through the observed 99th percentile of the cohort-specific sugar-maple exposure
98.48768663197085,98.48768663197085,4.600033884064078,1.0608313713579092,TRUE,NA,FALSE,Primary established-tree cohort,frame-corrected basal area of live sugar-maple TREE records at least 5 inches DBH,0.18742365770675454,0.13020491298041068,0.2622071327118562,probability of no sugar-maple seedlings tallied,continuous adjusters at their means; no recorded disturbance or treatment; county random effect set to zero,pointwise Wald 95% confidence interval,curve restricted to the observed minimum through the observed 99th percentile of the cohort-specific sugar-maple exposure
101.33064228623431,101.33064228623431,4.628209161696129,1.0899343683744644,TRUE,NA,FALSE,Primary established-tree cohort,frame-corrected basal area of live sugar-maple TREE records at least 5 inches DBH,0.18696334250289856,0.1296120399628446,0.2620513246989239,probability of no sugar-maple seedlings tallied,continuous adjusters at their means; no recorded disturbance or treatment; county random effect set to zero,pointwise Wald 95% confidence interval,curve restricted to the observed minimum through the observed 99th percentile of the cohort-specific sugar-maple exposure
104.25483811328425,104.25483811328425,4.656384439328181,1.1190373653910197,TRUE,NA,FALSE,Primary established-tree cohort,frame-corrected basal area of live sugar-maple TREE records at least 5 inches DBH,0.18650389835618275,0.12901536947913386,0.2619060640679275,probability of no sugar-maple seedlings tallied,continuous adjusters at their means; no recorded disturbance or treatment; county random effect set to zero,pointwise Wald 95% confidence interval,curve restricted to the observed minimum through the observed 99th percentile of the cohort-specific sugar-maple exposure
107.2625956286408,107.2625956286408,4.684559716960233,1.1481403624075752,TRUE,NA,FALSE,Primary established-tree cohort,frame-corrected basal area of live sugar-maple TREE records at least 5 inches DBH,0.18604532489312348,0.1284150624262515,0.26177117669663885,probability of no sugar-maple seedlings tallied,continuous adjusters at their means; no recorded disturbance or treatment; county random effect set to zero,pointwise Wald 95% confidence interval,curve restricted to the observed minimum through the observed 99th percentile of the cohort-specific sugar-maple exposure
110.35630268734704,110.35630268734704,4.712734994592284,1.1772433594241305,TRUE,NA,FALSE,Primary established-tree cohort,frame-corrected basal area of live sugar-maple TREE records at least 5 inches DBH,0.18558762173369733,0.12781127876395143,0.2616464891194508,probability of no sugar-maple seedlings tallied,continuous adjusters at their means; no recorded disturbance or treatment; county random effect set to zero,pointwise Wald 95% confidence interval,curve restricted to the observed minimum through the observed 99th percentile of the cohort-specific sugar-maple exposure
113.5384153796843,113.5384153796843,4.740910272224336,1.2063463564406858,TRUE,NA,FALSE,Primary established-tree cohort,frame-corrected basal area of live sugar-maple TREE records at least 5 inches DBH,0.18513078849137132,0.12720417735492245,0.2615318286917204,probability of no sugar-maple seedlings tallied,continuous adjusters at their means; no recorded disturbance or treatment; county random effect set to zero,pointwise Wald 95% confidence interval,curve restricted to the observed minimum through the observed 99th percentile of the cohort-specific sugar-maple exposure
116.8114599810592,116.8114599810592,4.7690855498563876,1.2354493534572413,TRUE,NA,FALSE,Primary established-tree cohort,frame-corrected basal area of live sugar-maple TREE records at least 5 inches DBH,0.18467482477313343,0.1265939158141236,0.2614270237449165,probability of no sugar-maple seedlings tallied,continuous adjusters at their means; no recorded disturbance or treatment; county random effect set to zero,pointwise Wald 95% confidence interval,curve restricted to the observed minimum through the observed 99th percentile of the cohort-specific sugar-maple exposure
120.17803495761066,120.17803495761066,4.797260827488439,1.2645523504737965,TRUE,NA,FALSE,Primary established-tree cohort,frame-corrected basal area of live sugar-maple TREE records at least 5 inches DBH,0.18421973017952262,0.12598065036730105,0.261331903732571,probability of no sugar-maple seedlings tallied,continuous adjusters at their means; no recorded disturbance or treatment; county random effect set to zero,pointwise Wald 95% confidence interval,curve restricted to the observed minimum through the observed 99th percentile of the cohort-specific sugar-maple exposure
123.64081302912898,123.64081302912898,4.825436105120491,1.2936553474903518,TRUE,NA,FALSE,Primary established-tree cohort,frame-corrected basal area of live sugar-maple TREE records at least 5 inches DBH,0.1837655043046598,0.12536453571864312,0.2612462993670774,probability of no sugar-maple seedlings tallied,continuous adjusters at their means; no recorded disturbance or treatment; county random effect set to zero,pointwise Wald 95% confidence interval,curve restricted to the observed minimum through the observed 99th percentile of the cohort-specific sugar-maple exposure
127.20254329092487,127.20254329092487,4.8536113827525424,1.3227583445069073,TRUE,NA,FALSE,Primary established-tree cohort,frame-corrected basal area of live sugar-maple TREE records at least 5 inches DBH,0.18331214673627766,0.12474572492748807,0.2611700427474189,probability of no sugar-maple seedlings tallied,continuous adjusters at their means; no recorded disturbance or treatment; county random effect set to zero,pointwise Wald 95% confidence interval,curve restricted to the observed minimum through the observed 99th percentile of the cohort-specific sugar-maple exposure
130.8660533963329,130.8660533963329,4.881786660384594,1.3518613415234626,TRUE,NA,FALSE,Primary established-tree cohort,frame-corrected basal area of live sugar-maple TREE records at least 5 inches DBH,0.18285965705575147,0.12412436929396282,0.2611029674779494,probability of no sugar-maple seedlings tallied,continuous adjusters at their means; no recorded disturbance or treatment; county random effect set to zero,pointwise Wald 95% confidence interval,curve restricted to the observed minimum through the observed 99th percentile of the cohort-specific sugar-maple exposure
134.63425180158197,134.63425180158197,4.909961938016646,1.3809643385400179,TRUE,NA,FALSE,Primary established-tree cohort,frame-corrected basal area of live sugar-maple TREE records at least 5 inches DBH,0.18240803483812926,0.12350061825339598,0.2610449087783824,probability of no sugar-maple seedlings tallied,continuous adjusters at their means; no recorded disturbance or treatment; county random effect set to zero,pointwise Wald 95% confidence interval,curve restricted to the observed minimum through the observed 99th percentile of the cohort-specific sugar-maple exposure
138.5101300748153,138.5101300748153,4.938137215648697,1.4100673355565734,TRUE,NA,FALSE,Primary established-tree cohort,frame-corrected basal area of live sugar-maple TREE records at least 5 inches DBH,0.18195727965216243,0.1228746192793204,0.26099570358517155,probability of no sugar-maple seedlings tallied,continuous adjusters at their means; no recorded disturbance or treatment; county random effect set to zero,pointwise Wald 95% confidence interval,curve restricted to the observed minimum through the observed 99th percentile of the cohort-specific sugar-maple exposure
142.49676527109264,142.49676527109264,4.966312493280749,1.4391703325731287,TRUE,NA,FALSE,Primary established-tree cohort,frame-corrected basal area of live sugar-maple TREE records at least 5 inches DBH,0.181507391060336,0.12224651779485267,0.26095519064449496,probability of no sugar-maple seedlings tallied,continuous adjusters at their means; no recorded disturbance or treatment; county random effect set to zero,pointwise Wald 95% confidence interval,curve restricted to the observed minimum through the observed 99th percentile of the cohort-specific sugar-maple exposure
146.59732237526066,146.59732237526066,4.994487770912801,1.4682733295896842,TRUE,NA,FALSE,Primary established-tree cohort,frame-corrected basal area of live sugar-maple TREE records at least 5 inches DBH,0.1810583686188992,0.12161645709221564,0.2609232105970771,probability of no sugar-maple seedlings tallied,continuous adjusters at their means; no recorded disturbance or treatment; county random effect set to zero,pointwise Wald 95% confidence interval,curve restricted to the observed minimum through the observed 99th percentile of the cohort-specific sugar-maple exposure
150.81505681463045,150.81505681463045,5.022663048544852,1.4973763266062394,TRUE,NA,FALSE,Primary established-tree cohort,frame-corrected basal area of live sugar-maple TREE records at least 5 inches DBH,0.18061021187789575,0.12098457826014956,0.260899606055101,probability of no sugar-maple seedlings tallied,continuous adjusters at their means; no recorded disturbance or treatment; county random effect set to zero,pointwise Wald 95% confidence interval,curve restricted to the observed minimum through the observed 99th percentile of the cohort-specific sugar-maple exposure
155.15331704345746,155.15331704345746,5.050838326176904,1.5264793236227947,TRUE,NA,FALSE,Primary established-tree cohort,frame-corrected basal area of live sugar-maple TREE records at least 5 inches DBH,0.1801629203811945,0.12035102011894248,0.2608842216714799,probability of no sugar-maple seedlings tallied,continuous adjusters at their means; no recorded disturbance or treatment; county random effect set to zero,pointwise Wald 95% confidence interval,curve restricted to the observed minimum through the observed 99th percentile of the cohort-specific sugar-maple exposure
159.6155472012751,159.6155472012751,5.0790136038089555,1.5555823206393502,TRUE,NA,FALSE,Primary established-tree cohort,frame-corrected basal area of live sugar-maple TREE records at least 5 inches DBH,0.17971649366651962,0.11971591916279611,0.2608769042017725,probability of no sugar-maple seedlings tallied,continuous adjusters at their means; no recorded disturbance or treatment; county random effect set to zero,pointwise Wald 95% confidence interval,curve restricted to the observed minimum through the observed 99th percentile of the cohort-specific sugar-maple exposure
